maintenance_spec_cd,asset_type_cd
SAMPLING-STATION-INSPEC-730D,SAMPLING-STATION
BFLY-VALVE-PH-PERIODIC-INSPC,BUTTERFLY-VALVE
CHECK-VALVE-PH-PERIODIC-INSPEC,CHECK-VALVE
AMR-MAINTENANCE-180D-G-KS-HS-S,AMR-FLOWMETER
ONLINE-ANALYZER-INSP-14D,ONLINE-ANALYZER
SLUICE-VALVE-PH-PERIODIC-INSPC,SLUICE-VALVE
GATE-VALVE-PH-PERIODIC-INSPEC,GATE-VALVE
CHAMBER-MAINTENANCE-WBA-365D,CHAMBER
CABINET-MAINTENANCE-WBA-365D,CABINET
PRV-MAINTENANCE-WBA-365D,PRESSURE-REDUCING-VALVE
STRAINER-MAINTENANCE-WBA-365D,STRAINER
ACTUATOR-PH-INSPECTION,ACTUATOR
CHAMBER-MAINTENANCE-DMZ-120D,CHAMBER
CABINET-MAINTENANCE-DMZ-120D,CABINET
AIR-COMP-PH-PERIODIC-INSPEC,AIR-COMPRESSOR
CHAIN-BLOCK-PH-PERIODIC-INSPEC,CHAIN-BLOCK
AIR-BLOWER-MAINT-PROD-120D,AIR-BLOWER
PRV-MAINTENANCE-DMZ-120D,PRESSURE-REDUCING-VALVE
APV-MAINTENANCE-DMZ-120D,ADVANCED-PILOT-VALVE
BUTV-MAINT-PROD-365D,BUTTERFLY-VALVE
DUST-COLLECTOR-MAINT-PROD-180D,DUST-COLLECTOR
FEEDER-MAINT-PROD-60D,FEEDER
FLOCCULATOR-MAINT-PROD-180D,FLOCCULATOR
SCADA-PANEL-180D-G-KS-HS-SB,SCADA-PANEL
SCADA-PANEL-180D-P-KL,SCADA-PANEL
SCADA-PANEL-180D-KL-K-S-HL,SCADA-PANEL
AMR-MAINTENANCE-180D-P-KL,AMR-FLOWMETER
AMR-MAINTENANCE-180-KL-K-S-HL,AMR-FLOWMETER
CABINET-SCADA-365D-P-KL,CABINET
CABINET-SCADA-365D-G-KS-HS-SB,CABINET
CABINET-SCADA-365D-KL-K-S-HL,CABINET
SRL-DRB200-REACTOR,HEATING-REACTOR
NRL-DRB200-REACTOR,HEATING-REACTOR
SRL-JAR-TEST,JAR-TEST
NRL-JAR-TEST,JAR-TEST
SRL-PH-METER,PH-METER
NRL-PH-METER,PH-METER
SRL-PHOTO-SPECTRO,PHOTOMETER-SPECTROMETER
NRL-PHOTO-SPECTRO,PHOTOMETER-SPECTROMETER
SRL-TURBIDIMETER-QUARTERLY,TURBIDIMETER
SRL-TURBIDIMETER-YEARLY,TURBIDIMETER
NRL-TURBIDIMETER,TURBIDIMETER
SRL-VACUUM-PUMP,PUMP-VACCUM
NRL-VACUUM-PUMP,PUMP-VACCUM
SRL-DISTILLATOR,DISTILLATOR
SRL-INCUBATOR,INCUBATOR
NRL-INCUBATOR,INCUBATOR
SRL-Q-TRAY,QUANTI-TRAY-SEALER
NRL-Q-TRAY,QUANTI-TRAY-SEALER
NRL-DEIONISED-WATER-SYSTEM,DEIONISED-WATER-SYSTEM
SRL-DEIONISED-WATER-SYSTEM,DEIONISED-WATER-SYSTEM
NRL-UPWS,UPWS
NRL-MAGNETIC-STIRRER,MAGNETIC-STIRRER
SRL-MAGNETIC-STIRRER,MAGNETIC-STIRRER
NRL-HOTPLATE,HOTPLATE
SRL-HOTPLATE,HOTPLATE
NRL-LAB-OVEN,LAB-OVEN
SRL-LAB-OVEN,LAB-OVEN
NRL-TITRATOR,TITRATOR
SRL-TITRATOR,TITRATOR
SRL-WEIGHT-CALIBRATION-KIT,WEIGHT-CALIBRATION-KIT
NRL-MICROSCOPE,MICROSCOPE
SRL-MICROSCOPE,MICROSCOPE
NRL-WATERBATH,WATERBATH
SRL-WATERBATH,WATERBATH
NRL-TOC,TOC
SRL-TOC,TOC
NRL-MOISTURE-ANALYZER,MOISTURE-ANALYZER
SRL-MOISTURE-ANALYZER,MOISTURE-ANALYZER
NRL-UV-LAMPS,ULTRAVIOLATE-LAMPS
NRL-LAB-CABINET,LAB-CABINET
SRL-LAB-CABINET,LAB-CABINET
NRL-ION-CHROMATOGRAPHY,ION-CHROMATOGRAPHY
SRL-ION-CHROMATOGRAPHY,ION-CHROMATOGRAPHY
SLUICE-VALVE-DIST-INSP-90D,SLUICE-VALVE
SCOUR-VALVE-DIST-INSP-90D,SCOUR-VALVE
GATE-VALVE-DIST-INSP-90D,GATE-VALVE
BUTTERFLY-VALVE-DIST-INSP-90D,BUTTERFLY-VALVE
ALTITUDE-VALVE-DIST-INSP-90D,ALTITUDE-VALVE
DRUM-VALVE-DIST-INSP-90D,DRUM-VALVE
BALL-VALVE-DIST-INSP-90D,BALL-VALVE
MODUL-VALVE-DIST-INSP-90D,MODULATION-VALVE
PR-VALVE-DIST-INSP-90D,PRESSURE-REDUCING-VALVE
CHECK-VALVE-DIST-INSP-90D,CHECK-VALVE
CONST-FLOW-VALVE-DIST-INSP-90D,CONSTANT-FLOW-VALVE
AIR-VALVE-DIST-INSP-90D,AIR-VALVE
CAPACITOR-BANK-MAINT-PROD-90D,CAPACITOR-BANK
LEAK-DETECTOR-MAINT-PROD-180D,LEAK-DETECTOR
PANEL-ELECT-MAINT-PROD-180D,PANEL-ELECT
PUMP-CENT-SPLT-MAINT-PROD-90D,PUMP-CENTRIFUGAL-SPLIT
PUMP-SUBMERS-MAINT-PROD-180D,PUMP-SUBMERSIBLE
SURGE-VESSEL-MAINT-PROD-90D,SURGE-VESSEL
ACTUATOR-MAINT-PROD-30D,ACTUATOR
ACTUATOR-MAINT-PROD-365D,ACTUATOR
ACTUATOR-MAINT-PROD-90D,ACTUATOR
AIR-BLOWER-MAINT-PROD-60D,AIR-BLOWER
GATE-VALVE-MAINT-PROD-365D,GATE-VALVE
INJECTOR-MAINT-PROD-30D,INJECTOR
LOAD-CELL-MAINT-PROD-365D,LOAD-CELL
MECH-LEVEL-IND-MAINT-PROD-180D,MECH-LEVEL-INDICATOR
MOTOR-SQR-CAGE-MAINT-PROD-60D,MOTOR-SQUIRRL-CAGE
PANEL-INSTRU-MAINT-PROD-365D,PANEL-INSTRUMENT
PENSTOCK-MAINT-PROD-365D,PENSTOCK
PRES-CHECK-UT-MAINT-PROD-30D,PRESSURE-CHECK-UNIT
PRES-RElF-VALVE-MAINT-PROD-30D,PRESSURE-RELIEF-VALVE
PROG-LOG-CNTRL-MAINT-PROD-365D,PROGRAM-LOGIC-CONTROL
PUMP-CNTF-MLTI-MAINT-PROD-90D,PUMP-CENTRIFUGAL-MULTI
PUMP-CENT-SPLT-MAINT-PROD-60D,PUMP-CENTRIFUGAL-SPLIT
PUMP-CENT-SPLT-MAINT-PROD-120D,PUMP-CENTRIFUGAL-SPLIT
PUMP-END-SUCT-MAINT-PROD-365D,PUMP-END-SUCTION
PUMP-END-SUCT-MAINT-PROD-180D,PUMP-END-SUCTION
PUMP-PROG-CAV-MAINT-PROD-90D,PUMP-PROGRESSIVE-CAVITY
SCRUBBER-MAINT-PROD-30D,SCRUBBER
SERVER-MAINT-PROD-180D,SERVER
VACUUM-REGUL-MAINT-PROD-30D,VACUUM-REGULATOR
SEMENYIH-LAB-DRB200-REACTOR,HEATING-REACTOR
SEMENYIH-LAB-LAB-CHILLER,LAB-CHILLER
SEMENYIH-LAB-THERMOMETER,THERMOMETER
SEMENYIH-LAB-COLORIMETER,COLORIMETER
PM-WASH-WATER-RECOVERY,PM-WASH WATER RECOVERY
SOUTH-ARM-ROLLER-SERVICE-ABC,HV-ARM-ROLLER
STRAINER-MAINTENANCE-DMZ-120D,STRAINER
SUCTION-PUMP-PH-PERIODIC-INSP,PUMP-END-SUCTION
SPLIT-CET-PUMP-PH-PERIODIC-INS,PUMP-CENTRIFUGAL-SPLIT
MULTI-CET-PUMP-PH-PERIODIC-INS,PUMP-CENTRIFUGAL-MULTI
SUBM-PUMP-PH-PERIODIC-INSP,PUMP-SUBMERSIBLE
MOT-SLIP-RING-PH-PERIODIC-INSP,MOTOR-SLIP-RING
MOT-SQ-CAGE-PH-PERIODIC-INSP,MOTOR-SQUIRRL-CAGE
SURGE-VESSEL-PH-PERIODIC-INSP,SURGE-VESSEL
TRANSFORMER-PH-PERIODIC-INSP,TRANSFORMER
STRAINER-PH-PERIODIC-INSP,STRAINER
LOGGER-MS,DATA-LOGGER
CABINET-MAINTENANCE-PT-120D,CABINET
COLORIMETER-INSPECTION-365D,COLORIMETER
SOLARPANEL-MAINT-NRW-120D,SOLAR-PANEL
RTU-MAINTENANCE-NRW-120D,REMOTE-TELEMETRY-UNIT
COLORIMETER-INSPECTION-91D,COLORIMETER
LAB-BALANCE-INSPECTION-365D,LAB-BALANCE
LAB-BALANCE-INSPECTION-91D,LAB-BALANCE
LAB-BALANCE-INSPECTION-730D,LAB-BALANCE
LAB-CHILLER-INSPECTION-365D,LAB-CHILLER
LAB-CHILLER-INSPECTION-91D,LAB-CHILLER
RESERVOIR-REINFORCED-CONCRETE,RESERVOIR
REACTOR-LAB-INSP-365D,HEATING-REACTOR
PUMP-VACCUM-LAB-INSP-365D,PUMP-VACCUM
MFV-AMR,
NFV-AMR,
PM-RESERVOIR-MAINTENANCE,PM-RESERVOIR
ACTUATOR-DIST-INSP-90D,ACTUATOR
HYDROPHONE-MAINT-NRW-120D,HYDROPHONE
PRESS-TRANS-MAINT-NRW-120D,ELECTRONIC-PRESSURE-TRANSMIT
MECH-LEVEL-INDI-DIST-INSP-90D,MECH-LEVEL-INDICATOR
AMR-FLOWMETER-MAINTENANCE-180D,AMR-FLOWMETER
AMR-FLOWMETER,AMR-FLOWMETER
PM-RAW-WATER-PUMPING-SYSTEM,PM-RAW-WATER-PUMPING-PROCESS
SB-RESERVOIR-REINFORCE CONCRET,RESERVOIR
HS-RESERVOIR REINFORCE CONCRET,RESERVOIR
HL-RESERVOIR REINFORCE CONCRET,RESERVOIR
KS-RESERVOIR REINFORCE CONCRET,RESERVOIR
KT-RESERVOIR REINFORCE CONCRET,RESERVOIR
KG-RESERVOIR REINFORCE CONCRET,RESERVOIR
PG-RESERVOIR REINFORCE CONCRET,RESERVOIR
HV-BACKHOE-SERVICE-TYPE-ABC,HV-BACKHOE-LOADER
HV-BUS-SERVICE-TYPE-ABC,HV-BUS
HV-CARGOLORRY-SERVICE-TYPE-ABC,HV-CARGO-LORRY
HV-LOADER-SERVICE-TYPE-ABC,HV-LOADER
HV-PRIMEMOVER-SERVICE-TYPE-ABC,HV-PRIME-MOVER
HV-TANKERLORRY-SERVICE-TYPEABC,HV-TANKER-LORRY
HV-TIPPER-SERVICE-TYPE-ABC,HV-TIPPER-LORRY
HV-TRAILJUMBO-SERVICE-TYPE-ABC,HV-TRAILER-JUMBO
HV-TRAILERMACH-SERVICE-TYPEABC,HV-TRAILER-MACHINE
IV-FORKLIFT-SERVICE-TYPE-ABC,IV-FORKLIFT
IV-COMPACTOR-SERVICE-TYPE-ABC,IV-COMPACTOR
IV-TRACTOR-SERVICE-TYPE-ABC,IV-TRACTOR
LV-CAR-SERVICE-TYPE-ABC,LV-CAR
LV-MPV-SERVICE-TYPE-ABC,LV-MPV
LV-PANEL-VAN-SERVICE-TYPE-ABC,LV-PANEL-VAN
LV-PICKUP-SERVICE-TYPE-ABC,LV-PICKUP
LV-SCHOOL-VAN-SERVICE-TYPE-ABC,LV-SCHOOL-VAN
LV-SUV-SERVICE-TYPE-ABC,LV-SUV
LV-VAN-SERVICE-TYPE-ABC,LV-VAN
MC-MOTORCYCLE-SERVICE-TYPE-ABC,MC-MOTORCYCLE
WV-BOAT-SERVICE-TYPE-ABC,WV-BOAT
RMS-MAINTENANCE,RIVER-MONITORING-SYSTEM
AUTOCLAVE-365D-CALIB-450D-SER,AUTOCLAVE
AUTOCLAVE-LAB-INSP-365-450D,AUTOCLAVE
LAB-BALANCE-LAB-INSP-365-730D,LAB-BALANCE
LAB-CHILLER-LAB-INSP-365D,LAB-CHILLER
COLORIMETER-LAB-INSP-365D,COLORIMETER
CONDITY-METER-LAB-INSP-365D,CONDUCTIVITY-METER
DEPTH-SAMPLER-LAB-INSP-730D,DEPTH-SAMPLER
DISPENSETTE-LAB-INSP-365D,DISPENSETTE
DISLD-OXY-METER-LAB-INSP-365D,DISSOLVED-OXYGEN-METER
DISTILLATOR-LAB-INSP-365D,DISTILLATOR
LAB-HEATER-LAB-INSP-365D,LAB-HEATER
HYDROMETER-LAB-INSP-365D,HYDROMETER
INCUBATOR-LAB-INSP-365D,INCUBATOR
ICP-MS-LAB-INSP-365D,ICP-MS
ION-CHROM-LAB-INSP-365D,ION-CHROMATOGRAPHY
JAR-TEST-LAB-INSP-365D,JAR-TEST
MAGNETIC-STIR-LAB-INSP-365D,MAGNETIC-STIRRER
MICROFILL-LAB-INSP-365D,MICROFILL
MICROPIPETTE-LAB-INSP-365D,MICROPIPETTE
MULTIPARAMETER-LAB-INSP-365D,MULTIPARAMETER
NESSLERISER-LAB-INSP-365D,NESSLERISER
PH-METER-LAB-INSP-91D,PH-METER
PHOTO-SPECTRO-LAB-INSP-365D,PHOTOMETER-SPECTROMETER
SIEVE-LAB-INSP-365D,SIEVE
TURBIDIMETER-LAB-INSP-365D,TURBIDIMETER
UPS-LAB-INSP-365D,UPS
VISCOMETER-LAB-INSP-365D,VISCOMETER
UPWS-LAB-INSP-365D,UPWS
WATERBATH-LAB-INSP-365D,WATERBATH
Toyota Hilux 2.4G Double Cab,LV-PICKUP
CABINET-MAINTENANCE-SCADA-365D,CABINET
SCADA-PANEL-MAINTENANCE-180,SCADA-PANEL
SLUICE-VALVE-A600MM-INSP-365D,SLUICE-VALVE
AIR-COMPRESSOR-MAINT-PROD-90D,AIR-COMPRESSOR
SLUICE-VALVE-B600MM-INSP-180D,SLUICE-VALVE
BUTTERFLY-VALVE-A600-INSP-365D,BUTTERFLY-VALVE
BUTTERFLY-VALVE-B600-INSP-180D,BUTTERFLY-VALVE
CRANE-PH-PERIODIC-INSPEC,CRANE
AIR-VALVE-PH-PERIODIC-INSPEC,AIR-VALVE
PANEL-PH-PERIODIC-INSPEC,PANEL-ELECT
GENERATOR-PH-PERIODIC-INSPEC,GEN-SET
HYDRO-TANK-PH-PERIODIC-INSPEC,HYDROPNEUMATIC-TANK
PRESSURE-GAUGE-PH-PERIODIC-INS,PRESSURE-GAUGE
SURGE-RELIEF-VALVE-PH-INSPC,SURGE-ANTI-RELIEF-VALVE
SURGE-ANTICIP-VALVE-PH-INSPC,SURGE-ANTICIPATING-VALVE
ACTUATOR-MAINT-PROD-180D,ACTUATOR
AIR-BLOWER-MAINT-PROD-90D,AIR-BLOWER
AIR-COMPRESSOR-MAINT-PROD-120D,AIR-COMPRESSOR
AIR-DRY-REFRG-MAINT-PROD-90D,AIR-DRYER-REFRIGERATED
EM-FLOWMETER-MAINT-PROD-180D,EM-FLOWMETER
CAPASITOR-BANK-MAINT-PROD-90D,CAPACITOR-BANK
CHLORINATOR-MAINT-PROD-30D,CHLORINATOR
CRANE-MAINT-PROD-180D,CRANE
DIGITAL-INDICT-MAINT-PROD-180D,DIGITAL-INDICATOR
ELECT-PRS-TRNS-MAINT-PROD-180D,ELECTRONIC-PRESSURE-TRANSMIT
EM-FLOWMETER-MAINT-PROD-365D,EM-FLOWMETER
EM-FLOWMETER-MAINT-PROD-90D,EM-FLOWMETER
EM-FLOWMETER-MAINT-PROD-60D,EM-FLOWMETER
EXHAUST-FAN-MAINT-PROD-90D,EXHAUST-FAN
GEAR-BOX-MAINT-PROD-90D,GEAR-BOX
GEAR-BOX-MAINT-PROD-180D,GEAR-BOX
LEAK-DETECTOR-MAINT-PROD-30D,LEAK-DETECTOR
MIXER-MAINT-PROD-90D,MIXER
MIXER-MAINT-PROD-60D,MIXER
MOTOR-SLP-RING-MAINT-PROD-180D,MOTOR-SLIP-RING
MOTOR-SLIP-RING-MAINT-PROD-90D,MOTOR-SLIP-RING
MOTOR-SQR-CAGE-MAINT-PROD-90D,MOTOR-SQUIRRL-CAGE
MOTOR-SQR-CAGE-MAINT-PROD-180D,MOTOR-SQUIRRL-CAGE
MOTOR-SQR-CAGE-MAINT-PROD-30D,MOTOR-SQUIRRL-CAGE
MOTOR-SQR-CAGE-MAINT-PROD-120D,MOTOR-SQUIRRL-CAGE
ONLINE-ANALYZER-MAINT-PROD-90D,ONLINE-ANALYZER
ONLINE-ANALYZER-MAINT-PROD-30D,ONLINE-ANALYZER
ONLINE-ANALYZ-MAINT-PROD-180D,ONLINE-ANALYZER
ONLINE-ANALYZER-MAINT-PROD-60D,ONLINE-ANALYZER
PANEL-ELECT-MAINT-PROD-90D,PANEL-ELECT
PANEL-ELECT-MAINT-PROD-30D,PANEL-ELECT
PROG-LOG-CNTRL-MAINT-PROD-180D,PROGRAM-LOGIC-CONTROL
PUMP-CNTF-MLTI-MAINT-PROD-60D,PUMP-CENTRIFUGAL-MULTI
PUMP-CNTF-MLTI-MAINT-PROD-120D,PUMP-CENTRIFUGAL-MULTI
PUMP-CNTF-MLTI-MAINT-PROD-180D,PUMP-CENTRIFUGAL-MULTI
PUMP-END-SUCT-MAINT-PROD-90D,PUMP-END-SUCTION
PUMP-END-SUCT-MAINT-PROD-60D,PUMP-END-SUCTION
PUMP-METERING-MAINT-PROD-90D,PUMP-METERING
PUMP-METERING-MAINT-PROD-180D,PUMP-METERING
PUMP-METERING-MAINT-PROD-60D,PUMP-METERING
PUMP-SUBMERS-MAINT-PROD-90D,PUMP-SUBMERSIBLE
PUMP-SUBERS-MAINT-PROD-120D,PUMP-SUBMERSIBLE
RECORDER-MAINT-PROD-180D,RECORDER
UPS-MAINT-PROD-180D,UPS
DECANTER-MAINT-PROD-90D,DECANTER
EARTH-SYSTEM-MAINT-PROD-365D,EARTHING-SYSTEM
LEVEL-ULTRA-MAINT-PROD-180D,LEVEL-ULTRASONIC
CHLORINATOR-MAINT-PROD-180D,CHLORINATOR
CRANE-MAINT-PROD-60D,CRANE
DIFF-PRES-TRAN-MAINT-PROD-180D,DIFF-PRESSURE-TRANSMITTER
MIXER-MAINT-PROD-30D,MIXER
PENSTOCK-MAINT-PROD-180D,PENSTOCK
PRESSURE-GAUGE-MAINT-PROD-90D,PRESSURE-GAUGE
PUMP-CNTF-MLTI-MAINT-PROD-30D,PUMP-CENTRIFUGAL-MULTI
PUMP-CENT-SPLT-MAINT-PROD-30D,PUMP-CENTRIFUGAL-SPLIT
PUMP-END-SUCT-MAINT-PROD-30D,PUMP-END-SUCTION
PUMP-METERING-MAINT-PROD-30D,PUMP-METERING
UPS-MAINT-PROD-365D,UPS
AIR-COMPRESSOR-MAINT-PROD-365D,AIR-COMPRESSOR
AIR-COMPRESSOR-MAINT-PROD-180D,AIR-COMPRESSOR
ALTERNATOR-MAINT-PROD-180D,ALTERNATOR
BANDSCREEN-MAINT-PROD-90D,BANDSCREEN
BUTTERFLY-VLV-MAINT-PROD-180D,BUTTERFLY-VALVE
CHLORINE-VALVE-MAINT-PROD-180D,CHLORINE-VALVE
CLARIFIER-MAINT-PROD-180D,CLARIFIER
CONVEYOR-MAINT-PROD-180D,CONVEYOR
CRANE-MAINT-PROD-90D,CRANE
DIGITAL-INDICT-MAINT-PROD-365D,DIGITAL-INDICATOR
DOSER-MAINT-PROD-180D,DOSER
DUST-COLLECTOR-MAINT-PROD-90D,DUST-COLLECTOR
ELEC-LEVEL-SEN-MAINT-PROD-180D,ELECTRONIC-LEVEL-SENSOR
EXHAUST-FAN-MAINT-PROD-180D,EXHAUST-FAN
FEEDER-MAINT-PROD-90D,FEEDER
FIRE-FIGHTING-MAINT-PROD-180D,FIRE-FIGHTING-SYSTEM
FIRE-FIGHTING-MAINT-PROD-90D,FIRE-FIGHTING-SYSTEM
GATE-VALVE-MAINT-PROD-180D,GATE-VALVE
GEN-SET-MAINT-PROD-30D,GEN-SET
INVERTER-MAINT-PROD-180D,INVERTER
LEVEL-ELECTRD-MAINT-PROD-180D,LEVEL-ELECTRODE
LEVEL-ULTRA-MAINT-PROD-365D,LEVEL-ULTRASONIC
MIXER-MAINT-PROD-180D,MIXER
MOTOR-SQR-CAGE-MAINT-PROD-365D,MOTOR-SQUIRRL-CAGE
PANEL-ELECT-MAINT-PROD-365D,PANEL-ELECT
PENSTOCK-MAINT-PROD-90D,PENSTOCK
PRESS-SWITCH-MAINT-PROD-180D,PRESSURE-SWITCH
PRESS-SWITCH-MAINT-PROD-90D,PRESSURE-SWITCH
PUMP-CNTF-MLTI-MAINT-PROD-365D,PUMP-CENTRIFUGAL-MULTI
PUMP-CENT-SPLT-MAINT-PROD-180D,PUMP-CENTRIFUGAL-SPLIT
PUMP-PROG-CAV-MAINT-PROD-60D,PUMP-PROGRESSIVE-CAVITY
RECORDER-MAINT-PROD-365D,RECORDER
SERVER-MAINT-PROD-90D,SERVER
SLC-KNF-VLV-MAINT-PROD-90D,SLUICE-KNIFE-VALVE
STROKE-CNTRL-MAINT-PROD-90D,STROKE-CONTROLLER
STROKE-CNTRL-MAINT-PROD-180D,STROKE-CONTROLLER
SURGE-VESSEL-MAINT-PROD-365D,SURGE-VESSEL
TRANSFORMER-MAINT-PROD-30D,TRANSFORMER
VENT-FAN-MAINT-PROD-365D,VENTILATION-FAN
VENT-FAN-MAINT-PROD-180D,VENTILATION-FAN
VENTILATION-FAN-MAINT-PROD-90D,VENTILATION-FAN
WEIGHING-SCALE-MAINT-PROD-90D,WEIGHING-SCALE
WEIGHING-SCALE-MAINT-PROD-30D,WEIGHING-SCALE
WEIGHING-SCALE-MAINT-PROD-180D,WEIGHING-SCALE
CAPACITOR-BANK-MAINT-PROD-30D,CAPACITOR-BANK
CHECK-VALVE-MAINT-PROD-180D,CHECK-VALVE
CHLORGUARD-MAINT-PROD-180D,CHLORGUARD
CHLORGUARD-MAINT-PROD-30D,CHLORGUARD
CONTROL-VALVE-MAINT-PROD-180D,CONTROL-VALVE
EJECTOR-MAINT-PROD-30D,EJECTOR
EJECTOR-MAINT-PROD-180D,EJECTOR
ELEC-LEVEL-SEN-MAINT-PROD-365D,ELECTRONIC-LEVEL-SENSOR
ELEC-LEVEL-SEN-MAINT-PROD-30D,ELECTRONIC-LEVEL-SENSOR
EVAPORATOR-MAINT-PROD-90D,EVAPORATOR
FLOW-CNTL-VLV-MAINT-PROD-180D,FLOW-CONTROL-VALVE
FOOT-VALVE-MAINT-PROD-180D,FOOT-VALVE
GEAR-BOX-MAINT-PROD-60D,GEAR-BOX
GEN-SET-MAINT-PROD-90D,GEN-SET
HOPPER-MAINT-PROD-90D,HOPPER
HOPPER-MAINT-PROD-60D,HOPPER
LOAD-CELL-MAINT-PROD-180D,LOAD-CELL
PANEL-INSTRU-MAINT-PROD-30D,PANEL-INSTRUMENT
PASS-HOIST-MAINT-PROD-365D,PASSENGER-HOIST
PRESSURE-SWITCH-MAINT-PROD-30D,PRESSURE-SWITCH
PROG-LOG-CNTRL-MAINT-PROD-90D,PROGRAM-LOGIC-CONTROL
PUMP-VACCUM-MAINT-PROD-90D,PUMP-VACCUM
SCRAPPER-MAINT-PROD-90D,SCRAPPER
SCRAPPER-MAINT-PROD-180D,SCRAPPER
SILO-MAINT-PROD-90D,SILO
SLC-KNF-VLV-MAINT-PROD-180D,SLUICE-KNIFE-VALVE
SOLENOID-VALVE-MAINT-PROD-180D,SOLENOID-VALVE
SURGE-VESSEL-MAINT-PROD-180D,SURGE-VESSEL
TANK-MAINT-PROD-180D,TANK
THICKENER-MAINT-PROD-180D,THICKENER
TRANSFORMER-MAINT-PROD-180D,TRANSFORMER
VCB-MAINT-PROD-180D,VCB
VCB-MAINT-PROD-90D,VCB
WEIGHING-SCALE-MAINT-PROD-365D,WEIGHING-SCALE
ACB-MAINT-PROD-90D,ACB
AIR-BLOWER-MAINT-PROD-180D,AIR-BLOWER
AIR-DRY-REFRG-MAINT-PROD-180D,AIR-DRYER-REFRIGERATED
AIR-VALVE-MAINT-PROD-180D,AIR-VALVE
BANDSCREEN-MAINT-PROD-180D,BANDSCREEN
BATTERY-CHARGER-MAINT-PROD-90D,BATTERY-CHARGER
PM-SAMPLING-STATION-MAINTENANC,PM-SAMPLING-STATION
PM-RAW-WATER-PROCESS,PM-RAW-WATER-PROCESS
PM-RAW-WATER-INTAKE-MAINTENANC,PM-RAW-WATER-INTAKE-SYSTEM
BUTTERFLY-VALVE-MAINT-PROD-30D,BUTTERFLY-VALVE
CHAMBER-MAINT-PROD-90D,CHAMBER
CHECK-VALVE-MAINT-PROD-30D,CHECK-VALVE
CONVEYOR-MAINT-PROD-30D,CONVEYOR
DIGITAL-INDICT-MAINT-PROD-30D,DIGITAL-INDICATOR
ELEC-LEVEL-SEN-MAINT-PROD-90D,ELECTRONIC-LEVEL-SENSOR
GATE-VALVE-MAINT-PROD-30D,GATE-VALVE
GEAR-BOX-MAINT-PROD-30D,GEAR-BOX
HOPPER-MAINT-PROD-180D,HOPPER
LEVEL-ELECTRODE-MAINT-PROD-90D,LEVEL-ELECTRODE
LEVEL-ULTRA-MAINT-PROD-90D,LEVEL-ULTRASONIC
LIGHTING-MAINT-PROD-180D,LIGHTING
PANEL-CONTROL-MAINT-PROD-30D,PANEL-CONTROL
PUMP-PROG-CAV-MAINT-PROD-30D,PUMP-PROGRESSIVE-CAVITY
PUMP-SUBMERS-MAINT-PROD-30D,PUMP-SUBMERSIBLE
RECORDER-MAINT-PROD-90D,RECORDER
RESERVOIR-MAINT-PROD-90D,RESERVOIR
STATIC-SCREEN-MAINT-PROD-180D,STATIC-SCREEN
TANK-MAINT-PROD-30D,TANK
ULTRS-PRS-TRAN-MAINT-PROD-180D,ULTRA-PRESSURE-TRANSMIT
PM-RAW-WATER-SAMPLING,PM-RAW-WATER-SAMPLING
PM-SETTLED-WATER-SAMPLING,PM-SETTLED-WATER-SAMPLING
PM-SODA-ASH-PROCESS,PM-SODA-ASH-PROCESS
PM-ALUM-PROCESS,PM-ALUM-PROCESS
PM-FLUORIDE-PROCESS,PM-FLUORIDE-PROCESS
PM-LIME-PROCESS,PM-LIME-PROCESS
PM-CHEMICAL-PROCESS,PM-CHEMICAL-PROCESS
PM-TREATED-WATER-SAMPLING,PM-TREATED-WATER-SAMPLING
PM-POWER-SUPPLY,PM-POWER-SUPPLY
PM-TREATED-WATER-PUMPING-S,PM-TREATED-WATER-PUMPING-S
PM-SOLID-LIQUID-SEPARATION,PM-SOLID-LIQUID-SEPARATION
PM-POLYMER-(RESIDUAL)-DOSING,PM-POLYMER-(RESIDUAL)-DOSING
PM-WATER-ANALYSIS,PM-WATER-ANALYSIS
PM-SCADA-SYSTEM,PM-SCADA-SYSTEM
PM-RAW-WATER-PIPELINE,PM-RAW-WATER-PIPELINE
PM-CHEMICAL-ROOM,PM-CHEMICAL-ROOM
PM-WATER-TRANSFER,PM-WATER-TRANSFER
PM-SETTLED-WATER-PUMPING-S,PM-SETTLED-WATER-PUMPING-S
PM-LABORATORY,PM-LABORATORY
PM-CONTROL-ROOM,PM-CONTROL-ROOM
PM-FILTERED-WATER-SAMPLING,PM-FILTERED-WATER-SAMPLING
PM-WORKSHOP,PM-WORKSHOP
PM-CONTROL-CENTRE,PM-CONTROL-CENTRE
PM-BOAT-HOUSE,PM-BOAT-HOUSE
PM-ACTIFLO-PROCESS,PM-ACTIFLO-PROCESS
PM-DISSOLVED-AIR-FLOATATION,PM-DISSOLVED-AIR-FLOATATION
PM-BACKWASH-PROCESS,PM-BACKWASH-PROCESS
PM-DISTRAFICATION,PM-DISTRAFICATION
PM-ELECTRICAL-SYSTEM,PM-ELECTRICAL-SYSTEM
PM-RAPID-MIXING,PM-RAPID-MIXING
PM-ONLINE-ANALYZER,PM-ONLINE-ANALYZER
PM-DRAW-OFF-PROCESS,PM-DRAW-OFF-PROCESS
PM-WASH-WATER-PROCESS,PM-WASH-WATER-PROCESS
PM-DISTRIBUTION-MAIN,PM-DISTRIBUTION-MAIN
PM-TRUNK-MAIN,PM-TRUNK-MAIN
PM-DATA-PROCESS,PM-DATA-PROCESS
PM-FILTRATION-PROCESS,PM-FILTRATION-PROCESS
PM-FLOCCULATION-PROCESS,PM-FLOCCULATION-PROCESS
PM-SEDIMENTATION-PROCESS,PM-SEDIMENTATION-PROCESS
PM-SETTLED-WATER-PROCESS,PM-SETTLED-WATER-PROCESS
PM-SLUDGE-TREATMENT-PROCESS,PM-SLUDGE-TREATMENT-PROCESS
PM-TREATED-WATER-PROCESS,PM-TREATED-WATER-PROCESS
PM-AERATION-SYSTEM,PM-AERATION-SYSTEM
PM-SODIUM-SILICATE-PROCESS,PM-SODIUM-SILICATE-PROCESS
PM-POLY-ALUMINIUM-CHLORIDE,PM-POLY-ALUMINIUM-CHLORIDE
PM-TREATMENT-PROCESS,PM-TREATMENT-PROCESS
PM-CHEMICAL-DOSING,PM-CHEMICAL-DOSING
PM-COAGULATION-PROCESS,PM-COAGULATION-PROCESS
PM-TELEMETRY-SYSTEM,PM-TELEMETRY-SYSTEM
PM-OFF-RIVER-STORAGE-RESERVOIR,PM-OFF-RIVER-STORAGE-RESERVOIR
PM-SOLAR-SYSTEM,PM-SOLAR-SYSTEM
PM-DRAW-OF-TOWER,PM-DRAW-OF-TOWER
BUTTERFLY-VLV-MAINT-PROD-365D,BUTTERFLY-VALVE
GEAR-BOX-MAINT-PROD-365D,GEAR-BOX
CONVEYOR-MAINT-PROD-90D,CONVEYOR
AIR-BLOWER-MAINT-PROD-30D,AIR-BLOWER
AIR-COMPRESSOR-MAINT-PROD-30D,AIR-COMPRESSOR
AIR-REC-TANK-MAINT-PROD-180D,AIR-RECEIVER-TANK
BACK-PRESS-VLV-MAINT-PROD-90D,BACK-PRESSURE-VALVE
BALL-VALVE-MAINT-PROD-90D,BALL-VALVE
BANDSCREEN-MAINT-PROD-30D,BANDSCREEN
BUTTERFLY-VALVE-MAINT-PROD-90D,BUTTERFLY-VALVE
CHECK-VALVE-MAINT-PROD-90D,CHECK-VALVE
CHLORGUARD-MAINT-PROD-90D,CHLORGUARD
CRANE-MAINT-PROD-30D,CRANE
DECANTER-MAINT-PROD-30D,DECANTER
DIFF-PRES-TRAN-MAINT-PROD-30D,DIFF-PRESSURE-TRANSMITTER
DIFFUSER-MAINT-PROD-30D,DIFFUSER
EJECTOR-MAINT-PROD-90D,EJECTOR
EM-FLOWMETER-MAINT-PROD-30D,EM-FLOWMETER
EVAPORATOR-MAINT-PROD-30D,EVAPORATOR
GATE-VALVE-MAINT-PROD-90D,GATE-VALVE
LEVEL-ELECTRODE-MAINT-PROD-30D,LEVEL-ELECTRODE
LEVEL-ULTRA-MAINT-PROD-30D,LEVEL-ULTRASONIC
LIGHTING-MAINT-PROD-90D,LIGHTING
MECH-SCREEN-MAINT-PROD-30D,MECHANICAL-SCREEN
MECH-LEVEL-IND-MAINT-PROD-365D,MECH-LEVEL-INDICATOR
PNEUMATIC-VALVE-MAINT-PROD-90D,PNEUMATIC-VALVE
PRESSURE-GAUGE-MAINT-PROD-30D,PRESSURE-GAUGE
PUMP-DRY-PIT-MAINT-PROD-30D,PUMP-DRY-PIT
RIVER-GATE-MAINT-PROD-30D,RIVER-GATE
ROTAMETER-MAINT-PROD-365D,ROTAMETER
SCRUBBER-MAINT-PROD-365D,SCRUBBER
STATIC-SCREEN-MAINT-PROD-365D,STATIC-SCREEN
KL-RESERVOIR REINFORCE CONCRET,RESERVOIR
TANK-MAINT-PROD-365D,TANK
UPS-MAINT-PROD-30D,UPS
PM-ELECTRICAL-PANEL,PM-ELECTRICAL-PANEL
SE-RESERVOIR REINFORCE CONCRET,RESERVOIR
LOGGER-SPEC-KL,CABINET
LOGGER-SPEC-KT,CABINET
LOGGER-SPEC-HL,CABINET
LOGGER-SPEC-HS,CABINET
LOGGER-SPEC-PJ,CABINET
LOGGER-SPEC-GB,CABINET
LOGGER-SPEC-KG,CABINET
LOGGER-SPEC-SP,CABINET
LOGGER-SPEC-SB,CABINET
TRANSIENT-MAINTENANCE,NRW-TRANSIENT
SRL-BALANCE-MAINTENANCE,LAB-BALANCE
SRL-COLORIMETER-MAINTENANCE,COLORIMETER
NRL-COLORIMETER-MAINTENANCE,COLORIMETER
SRL-DO METER-MAINTENANCE,DISSOLVED-OXYGEN-METER
NRL-DO METER-MAINTENANCE,DISSOLVED-OXYGEN-METER
PM-SLUDGE-BALANCING,PM-SLUDGE BALANCING
NRL-DISTILLATOR,DISTILLATOR
SRL-UPWS,UPWS
NRL-LAB-CHILLER,LAB-CHILLER
SRL-LAB-CHILLER,LAB-CHILLER
NRL-FUME-CUPBOARD,FUME-CUPBOARD
SRL-FUME-CUPBOARD,FUME-CUPBOARD
NRL-WEIGHT-CALIBRATION-KIT,WEIGHT-CALIBRATION-KIT
SRL-UV-LAMPS,ULTRAVIOLATE-LAMPS
NRL-ICP-MS,ICP-MS
SRL-ICP-MS,ICP-MS
NRL-GC-MS,GC-MS
SRL-GC-MS,GC-MS
NRL-CONDUCTIVITY-METER,CONDUCTIVITY-METER
SRL-CONDUCTIVITY-METER,CONDUCTIVITY-METER
SEMENYIH-LAB-JAR-TEST,JAR-TEST
SEMENYIH-LAB-PH-METER,PH-METER
SEMENYIH-LAB-PHOTO-SPECTRO,PHOTOMETER-SPECTROMETER
SEMENYIH-LAB-TURBIDIMETER,TURBIDIMETER
SEMENYIH-LAB-VACUUM-PUMP,PUMP-VACCUM
SEMENYIH-LAB-DISTILLATOR,DISTILLATOR
SEMENYIH-LAB-INCUBATOR,INCUBATOR
SEMENYIH-LAB-Q-TRAY,QUANTI-TRAY-SEALER
SEMENYIH-LAB-DEIONISED-WATER,DEIONISED-WATER-SYSTEM
SEMENYIH-LAB-UPWS,UPWS
PM-CHLORINATION-PROCESS,PM-CHLORINATION-PROCESS
PM-FACILITIES-SYSTEM,PM-FACILITIES-SYSTEM
PM-POLYMER-PROCESS,PM-POLYMER-PROCESS
PM-BUILDINGS,PM-BUILDINGS
LOGGER-SPEC-KS,CABINET
SEMENYIH-LAB-MAGNETIC-STIRRER,MAGNETIC-STIRRER
SEMENYIH-LAB-HOTPLATE,HOTPLATE
SEMENYIH-LAB-LAB-OVEN,LAB-OVEN
SEMENYIH-LAB-FUME-CUPBOARD,FUME-CUPBOARD
SEMENYIH-LAB-TITRATOR,TITRATOR
SEMENYIH-LAB-WEIGHT-CLBRTN-KIT,WEIGHT-CALIBRATION-KIT
SEMENYIH-LAB-MICROSCOPE,MICROSCOPE
SEMENYIH-LAB-WATERBATH,WATERBATH
SEMENYIH-LAB-TOC,TOC
SEMENYIH-LAB-MOISTURE-ANALYZER,MOISTURE-ANALYZER
SEMENYIH-LAB-UV-LAMPS,ULTRAVIOLATE-LAMPS
SEMENYIH-LAB-LAB-CABINET,LAB-CABINET
SEMENYIH-LAB-ION-CHROMA,ION-CHROMATOGRAPHY
SEMENYIH-LAB-ICP-MS,ICP-MS
SEMENYIH-LAB-GC-MS,GC-MS
SEMENYIH-LAB-CNDCTVTY-METER,CONDUCTIVITY-METER
LABU-LAB-AUTOCLAVE,AUTOCLAVE
NRL-AUTOCLAVE,AUTOCLAVE
SEMENYIH-LAB-AUTOCLAVE,AUTOCLAVE
NRL-WEIGHING-SCALE,WEIGHING-SCALE
SEMENYIH-LAB-WEIGHING-SCALE,WEIGHING-SCALE
LABU-LAB-WEIGHING-SCALE,WEIGHING-SCALE
NRL-INVERTER,INVERTER
SEMENYIH-LAB-INVERTER,INVERTER
SEMENYIH-LAB-VISCOMETER,VISCOMETER
LABU-LAB-VISCOMETER,VISCOMETER
NRL-VISCOMETER,VISCOMETER
LABU-LAB-THERMOMETER,THERMOMETER
NRL-THERMOMETER,THERMOMETER
SEMENYIH-LAB-TACHOMETER,TACHOMETER
NRL-TACHOMETER,TACHOMETER
LABU-LAB-SIEVE,SIEVE
NRL-SIEVE,SIEVE
SEMENYIH-LAB-SIEVE,SIEVE
LABU-LAB-N2-EVAPORATOR,NITROGEN-EVAPORATOR
NRL-N2-EVAPORATOR,NITROGEN-EVAPORATOR
SEMENYIH-LAB-N2-EVAPORATOR,NITROGEN-EVAPORATOR
NRL-NESSLERISER,NESSLERISER
SEMENYIH-LAB-NESSLERISER,NESSLERISER
LABU-LAB-NESSLERISER,NESSLERISER
NRL-MULTIPARAMETER,MULTIPARAMETER
SEMENYIH-LAB-MULTIPARAMETER,MULTIPARAMETER
LABU-LAB-MULTIPARAMETER,MULTIPARAMETER
NRL-MICROPIPETTE,MICROPIPETTE
SEMENYIH-LAB-MICROPIPETTE,MICROPIPETTE
SEMENYIH-LAB-MICROFILL,MICROFILL
LABU-LAB-MICROFILL,MICROFILL
NRL-MICROFILL,MICROFILL
SEMENYIH-LAB-HEATER,LAB-HEATER
LABU-LAB-HEATER,LAB-HEATER
NRL-HEATER,LAB-HEATER
SEMENYIH-LAB-BALANCE,LAB-BALANCE
NRL-BALANCE,LAB-BALANCE
LABU-LAB-HYDROMETER,HYDROMETER
NRL-HYDROMETER,HYDROMETER
SEMENYIH-LAB-HYDROMETER,HYDROMETER
LABU-LAB-FREEZER,FREEZER
NRL-FREEZER,FREEZER
SEMENYIH-LAB-FREEZER,FREEZER
SEMENYIH-LAB-DO-METER,DISSOLVED-OXYGEN-METER
LABU-LAB-DISPENSETTE,DISPENSETTE
NRL-DISPENSETTE,DISPENSETTE
SEMENYIH-LAB-DISPENSETTE,DISPENSETTE
LABU-LAB-DESICCATOR,DESICCATOR
NRL-DESICCATOR,DESICCATOR
SEMENYIH-LAB-DESICCATOR,DESICCATOR
LABU-LAB-DEPTH-SAMPLER,DEPTH-SAMPLER
NRL-DEPTH-SAMPLER,DEPTH-SAMPLER
SEMENYIH-LAB-DEPTH-SAMPLER,DEPTH-SAMPLER
LABU-LAB-COLORIMETER,COLORIMETER
AIR-VALVE-MAINT-PROD-90D,AIR-VALVE
PRES-RElF-VALVE-MAINT-PROD-90D,PRESSURE-RELIEF-VALVE
CHAIN-BLOCK-MAINT-PROD-180D,CHAIN-BLOCK
LABU-LAB-BOD-APPARATUS,BOD-APPARATUS
WQ-HYDRA,ONLA-HYDRA
LABU-LAB-VORTEX-INSP,VORTEX-MIXER
NORTH-TRL-MACH-SVC-TYPE-ABC,HV-TRAILER-MACHINE
PM-ACTIVATED-CARBON-PROCESS,PM-ACTIVATED CARBON PROCESS
NRL-BOD APPARATUS,BOD-APPARATUS
SB-HV-TANKER-SERVICE-TYPE-ABC,HV-TANKER-LORRY
SOUTH-CARGO-SVC-TYPE-ABC,HV-CARGO-LORRY
KL-TIPPER-LO-SVC-TYPE-ABC,HV-TIPPER-LORRY
KG-TIPPER-LO-SVC-TYPE-ABC,HV-TIPPER-LORRY
KS-TIPPER-LO-SVC-TYPE-ABC,HV-TIPPER-LORRY
HS-TIPPER-LO-SVC-TYPE-ABC,HV-TIPPER-LORRY
HQ-TIPPER-LO-SVC-TYPE-ABC,HV-TIPPER-LORRY
SP-TIPPER-LO-SVC-TYPE-ABC,HV-TIPPER-LORRY
SB-TIPPER-LO-SVC-TYPE-ABC,HV-TIPPER-LORRY
HL-TIPPER-LO-SVC-TYPE-ABC,HV-TIPPER-LORRY
PJ-TIPPER-LO-SVC-TYPE-ABC,HV-TIPPER-LORRY
GB-TIPPER-LO-SVC-TYPE-ABC,HV-TIPPER-LORRY
NORTH-TIPPER-SVC-TYPE-ABC,HV-TIPPER-LORRY
KL-TANKER-SVC-TYPE-ABC,HV-TANKER-LORRY
KT-TANKER-SVC-TYPE-ABC,HV-TANKER-LORRY
KG-TANKER-SVC-TYPE-ABC,HV-TANKER-LORRY
KS-TANKER-SVC-TYPE-ABC,HV-TANKER-LORRY
HS-TANKER-SVC-TYPE-ABC,HV-TANKER-LORRY
HQ-TANKER-SVC-TYPE-ABC,HV-TANKER-LORRY
SP-TANKER-SVC-TYPE-ABC,HV-TANKER-LORRY
SB-TANKER-SVC-TYPE-ABC,HV-TANKER-LORRY
HL-TANKER-SVC-TYPE-ABC,HV-TANKER-LORRY
PJ-TANKER-SVC-TYPE-ABC,HV-TANKER-LORRY
GB-TANKER-SVC-TYPE-ABC,HV-TANKER-LORRY
NORTH-TANKER-SVC-TYPE-ABC,HV-TANKER-LORRY
SOUTH-TANKER-SVC-TYPE-ABC,HV-TANKER-LORRY
GB-PICKUP-SVC-TYPE-ABC,HV-PRIME-MOVER
KL-TRAIL-JUMB-SVC-TYPE-ABC,HV-TRAILER-JUMBO
KG-TRAIL-JUMB-SVC-TYPE-ABC,HV-TRAILER-JUMBO
KS-TRAIL-JUMB-SVC-TYPE-ABC,HV-TRAILER-JUMBO
HL-TRAIL-JUMB-SVC-TYPE-ABC,HV-TRAILER-JUMBO
PJ-TRAIL-JUMB-SVC-TYPE-ABC,HV-TRAILER-JUMBO
KS-BUS-SVC-TYPE-ABC,HV-BUS
HL-BUS-SVC-TYPE-ABC,HV-BUS
GB-BUS-SVC-TYPE-ABC,HV-BUS
KT-BACKHOE-SVC-TYPE-ABC,HV-BACKHOE-LOADER
SP-BACKHOE-SVC-TYPE-ABC,HV-BACKHOE-LOADER
GB-BACKHOE-SVC-TYPE-ABC,HV-BACKHOE-LOADER
KS-FORKLIFT-SVC-TYPE-ABC,IV-FORKLIFT
HS-FORKLIFT-SVC-TYPE-ABC,IV-FORKLIFT
HQ-FORKLIFT-SVC-TYPE-ABC,IV-FORKLIFT
SP-FORKLIFT-SVC-TYPE-ABC,IV-FORKLIFT
SB-FORKLIFT-SVC-TYPE-ABC,IV-FORKLIFT
HL-FORKLIFT-SVC-TYPE-ABC,IV-FORKLIFT
PJ-FORKLIFT-SVC-TYPE-ABC,IV-FORKLIFT
GB-FORKLIFT-SVC-TYPE-ABC,IV-FORKLIFT
SOUTH-FORKLIFT-SVC-TYPE-ABC,IV-FORKLIFT
KG-TRAIL-MACH-SVC-TYPE-ABC,HV-TRAILER-MACHINE
KS-TRAIL-MACH-SVC-TYPE-ABC,HV-TRAILER-MACHINE
PJ-TRAIL-MACH-SVC-TYPE-ABC,HV-TRAILER-MACHINE
SOUTH-TRL-MACH-SVC-TYPE-ABC,HV-TRAILER-MACHINE
KL-WV-BOAT-SVC-TYPE-ABC,WV-BOAT
SB-WV-BOAT-SVC-TYPE-ABC,WV-BOAT
NORTH-BOAT-SVC-TYPE-ABC,WV-BOAT
DIFF-PRES-TRAN-MAINT-PROD-90D,DIFF-PRESSURE-TRANSMITTER
STRAINER-FILTER-MAINT-PROD-90D,STRAINER-FILTER
PUMP-HOUSE-MAINTENANCE,PUMP-HOUSE
DMZ-MAINTENANCE,DMZ
WBA-MAINTENANCE,WBA
PM-SURVEILLANCE-TOOLS,PM-SURVEILLANCE-TOOLS
PROD-HEATING-REACTOR,HEATING-REACTOR
PROD-JAR-TEST,JAR-TEST
PROD-FUME-CUPBOARD,FUME-CUPBOARD
PROD-TITRATOR,TITRATOR
PROD-WATERBATH,WATERBATH
PROD-ULTRAVIOLATE-LAMPS,ULTRAVIOLATE-LAMPS
PROD-ICP-MS,ICP-MS
PROD-GC-MS,GC-MS
PROD-CONDUCTIVITY-METER,CONDUCTIVITY-METER
PROD-LAB-DISPENSETTE,DISPENSETTE
PROD-LAB-MICROPIPETE,MICROPIPETTE
PROD-LAB-TITRATOR,AUTO-TITRATOR-AUTO-SAMPLER
PROD-LAB-HYDROMETER,HYDROMETER
HS-LV-SUV-SERVICE-TYPE-ABC,LV-SUV
HQ-LV-SUV-SERVICE-TYPE-ABC,LV-SUV
SP-LV-SUV-SERVICE-TYPE-ABC,LV-SUV
SB-LV-SUV-SERVICE-TYPE-ABC,LV-SUV
HL-LV-SUV-SERVICE-TYPE-ABC,LV-SUV
PJ-LV-SUV-SERVICE-TYPE-ABC,LV-SUV
GB-LV-SUV-SERVICE-TYPE-ABC,LV-SUV
NORTH-LV-SUV-SERVICE-TYPE-ABC,LV-SUV
SOUTH-LV-SUV-SERVICE-TYPE-ABC,LV-SUV
KL-LV-VAN-SERVICE-TYPE-ABC,LV-VAN
KT-LV-VAN-SERVICE-TYPE-ABC,LV-VAN
KG-LV-VAN-SERVICE-TYPE-ABC,LV-VAN
KS-LV-VAN-SERVICE-TYPE-ABC,LV-VAN
HS-LV-VAN-SERVICE-TYPE-ABC,LV-VAN
HQ-LV-VAN-SERVICE-TYPE-ABC,LV-VAN
SP-LV-VAN-SERVICE-TYPE-ABC,LV-VAN
SB-LV-VAN-SERVICE-TYPE-ABC,LV-VAN
HL-LV-VAN-SERVICE-TYPE-ABC,LV-VAN
PJ-LV-VAN-SERVICE-TYPE-ABC,LV-VAN
GB-LV-VAN-SERVICE-TYPE-ABC,LV-VAN
NORTH-LV-VAN-SERVICE-TYPE-ABC,LV-VAN
SOUTH-LV-VAN-SERVICE-TYPE-ABC,LV-VAN
KL-MOTORCYCLE-SERVICE-TYPE-ABC,MC-MOTORCYCLE
KT-MOTORCYCLE-SERVICE-TYPE-ABC,MC-MOTORCYCLE
KG-MOTORCYCLE-SERVICE-TYPE-ABC,MC-MOTORCYCLE
KS-MOTORCYCLE-SERVICE-TYPE-ABC,MC-MOTORCYCLE
HS-MOTORCYCLE-SERVICE-TYPE-ABC,MC-MOTORCYCLE
HQ-MOTORCYCLE-SERVICE-TYPE-ABC,MC-MOTORCYCLE
SP-MOTORCYCLE-SERVICE-TYPE-ABC,MC-MOTORCYCLE
SB-MOTORCYCLE-SERVICE-TYPE-ABC,MC-MOTORCYCLE
HL-MOTORCYCLE-SERVICE-TYPE-ABC,MC-MOTORCYCLE
PJ-MOTORCYCLE-SERVICE-TYPE-ABC,MC-MOTORCYCLE
GB-MOTORCYCLE-SERVICE-TYPE-ABC,MC-MOTORCYCLE
NORTH-MOTOR-SERVICE-TYPE-ABC,MC-MOTORCYCLE
SOUTH-MOTOR-SERVICE-TYPE-ABC,MC-MOTORCYCLE
HV-TRAILER-SERVICE-TYPE-ABC,HV-TRAILER-JUMBO
HV-TRAIL-MACH-SERVICE-TYPE-ABC,HV-TRAILER-MACHINE
KL-HV-CARGO-SERVICE-TYPE-ABC,HV-CARGO-LORRY
KT-HV-CARGO-SERVICE-TYPE-ABC,HV-CARGO-LORRY
HQ-HV-CARGO-SERVICE-TYPE-ABC,HV-CARGO-LORRY
SP-HV-CARGO-SERVICE-TYPE-ABC,HV-CARGO-LORRY
HL-HV-CARGO-SERVICE-TYPE-ABC,HV-CARGO-LORRY
GB-HV-CARGO-SERVICE-TYPE-ABC,HV-CARGO-LORRY
KG-CARGO-SVC-TYPE-ABC,HV-CARGO-LORRY
KS-CARGO-SVC-TYPE-ABC,HV-CARGO-LORRY
HS-CARGO-SVC-TYPE-ABC,HV-CARGO-LORRY
HQ-CARGO-SVC-TYPE-ABC,HV-CARGO-LORRY
SB-CARGO-SVC-TYPE-ABC,HV-CARGO-LORRY
PJ-CARGO-SVC-TYPE-ABC,HV-CARGO-LORRY
NORTH-CARGO-SVC-TYPE-ABC,HV-CARGO-LORRY
KL-P-MOVER-SVC-TYPE-ABC,HV-PRIME-MOVER
KT-P-MOVER-SVC-TYPE-ABC,HV-PRIME-MOVER
KG-P-MOVER-SVC-TYPE-ABC,HV-PRIME-MOVER
KS-P-MOVER-SVC-TYPE-ABC,HV-PRIME-MOVER
HS-P-MOVER-SVC-TYPE-ABC,HV-PRIME-MOVER
HQ-P-MOVER-SVC-TYPE-ABC,HV-PRIME-MOVER
SP-P-MOVER-SVC-TYPE-ABC,HV-PRIME-MOVER
SB-P-MOVER-SVC-TYPE-ABC,HV-PRIME-MOVER
HL-P-MOVER-SVC-TYPE-ABC,HV-PRIME-MOVER
KT-TIPPER-LO-SVC-TYPE-ABC,HV-TIPPER-LORRY
PJ-P-MOVER-SVC-TYPE-ABC,HV-PRIME-MOVER
NORTH-P-MOVER-SVC-TYPE-ABC,HV-PRIME-MOVER
KT-TRAIL-JUMB-SVC-TYPE-ABC,HV-TRAILER-JUMBO
HS-TRAIL-JUMB-SVC-TYPE-ABC,HV-TRAILER-JUMBO
HQ-TRAIL-JUMB-SVC-TYPE-ABC,HV-TRAILER-JUMBO
SP-TRAIL-JUMB-SVC-TYPE-ABC,HV-TRAILER-JUMBO
SB-TRAIL-JUMB-SVC-TYPE-ABC,HV-TRAILER-JUMBO
GB-TRAIL-JUMB-SVC-TYPE-ABC,HV-TRAILER-JUMBO
NORTH-TRL-JUMB-SVC-TYPE-ABC,HV-TRAILER-JUMBO
KL-BUS-SVC-TYPE-ABC,HV-BUS
KT-BUS-SVC-TYPE-ABC,HV-BUS
KG-BUS-SVC-TYPE-ABC,HV-BUS
HS-BUS-SVC-TYPE-ABC,HV-BUS
HQ-BUS-SVC-TYPE-ABC,HV-BUS
SB-BUS-SVC-TYPE-ABC,HV-BUS
PJ-BUS-SVC-TYPE-ABC,HV-BUS
NORTH-BUS-SVC-TYPE-ABC,HV-BUS
KL-BACKHOE-SVC-TYPE-ABC,HV-BACKHOE-LOADER
KG-BACKHOE-SVC-TYPE-ABC,HV-BACKHOE-LOADER
KS-BACKHOE-SVC-TYPE-ABC,HV-BACKHOE-LOADER
HS-BACKHOE-SVC-TYPE-ABC,HV-BACKHOE-LOADER
HQ-BACKHOE-SVC-TYPE-ABC,HV-BACKHOE-LOADER
SB-BACKHOE-SVC-TYPE-ABC,HV-BACKHOE-LOADER
HL-BACKHOE-SVC-TYPE-ABC,HV-BACKHOE-LOADER
PJ-BACKHOE-SVC-TYPE-ABC,HV-BACKHOE-LOADER
NORTH-BACKHOE-SVC-TYPE-ABC,HV-BACKHOE-LOADER
KL-FORKLIFT-SVC-TYPE-ABC,IV-FORKLIFT
KT-FORKLIFT-SVC-TYPE-ABC,IV-FORKLIFT
KG-FORKLIFT-SVC-TYPE-ABC,IV-FORKLIFT
NORTH-FORKLIFT-SVC-TYPE-ABC,IV-FORKLIFT
KL-TRAIL-MACH-SVC-TYPE-ABC,HV-TRAILER-MACHINE
KT-TRAIL-MACH-SVC-TYPE-ABC,HV-TRAILER-MACHINE
HS-TRAIL-MACH-SVC-TYPE-ABC,HV-TRAILER-MACHINE
HQ-TRAIL-MACH-SVC-TYPE-ABC,HV-TRAILER-MACHINE
SP-TRAIL-MACH-SVC-TYPE-ABC,HV-TRAILER-MACHINE
SB-TRAIL-MACH-SVC-TYPE-ABC,HV-TRAILER-MACHINE
HL-TRAIL-MACH-SVC-TYPE-ABC,HV-TRAILER-MACHINE
GB-TRAIL-MACH-SVC-TYPE-ABC,HV-TRAILER-MACHINE
KT-WV-BOAT-SVC-TYPE-ABC,WV-BOAT
KG-WV-BOAT-SVC-TYPE-ABC,WV-BOAT
KS-WV-BOAT-SVC-TYPE-ABC,WV-BOAT
HS-WV-BOAT-SVC-TYPE-ABC,WV-BOAT
HQ-WV-BOAT-SVC-TYPE-ABC,WV-BOAT
SP-WV-BOAT-SVC-TYPE-ABC,WV-BOAT
HL-WV-BOAT-SVC-TYPE-ABC,WV-BOAT
PJ-WV-BOAT-SVC-TYPE-ABC,WV-BOAT
GB-WV-BOAT-SVC-TYPE-ABC,WV-BOAT
SOUTH-BOAT-SVC-TYPE-ABC,WV-BOAT
PROD-DEIONISED-WATER,DEIONISED-WATER-SYSTEM
PROD-UPWS,UPWS
PROD-MAGNETIC-STIRRER,MAGNETIC-STIRRER
PROD-HOTPLATE,HOTPLATE
PROD-LAB-OVEN,LAB-OVEN
PROD-LAB-CHILLER,LAB-CHILLER
PROD-MOISTURE-ANALYZER,MOISTURE-ANALYZER
PROD-LAB-COLORIMETER,COLORIMETER
PROD-LAB-DO METER,DISSOLVED-OXYGEN-METER
PROD-LAB-BALANCE,LAB-BALANCE
PROD-PH-METER,PH-METER
PROD-PHOTO-SPECTRO,PHOTOMETER-SPECTROMETER
PROD-TURBIDIMETER,TURBIDIMETER
PROD-PUMP-VACCUM,PUMP-VACCUM
PROD-DISTILLATOR,DISTILLATOR
PROD-INCUBATOR,INCUBATOR
PROD-QUANTI-TRAY-SEALER,QUANTI-TRAY-SEALER
PROD-WEIGHT-KIT,WEIGHT-CALIBRATION-KIT
PROD-MICROSCOPE,MICROSCOPE
PROD-TOC,TOC
PROD-LAB-CABINET,LAB-CABINET
PROD-ION-CHROMATOGRAPHY,ION-CHROMATOGRAPHY
SCADA-PANEL-365-GOMBAK,SCADA-PANEL
SCADA-PANEL-365-KLANG,SCADA-PANEL
SCADA-PANEL-365-SB,SCADA-PANEL
SCADA-PANEL-365-SP,SCADA-PANEL
SCADA-PANEL-365-PJ,SCADA-PANEL
SCADA-PANEL-365-KT,SCADA-PANEL
SCADA PANEL-365-KS,SCADA-PANEL
SCADA-PANEL-365-KL,SCADA-PANEL
SCADA-PANEL-365-HL,SCADA-PANEL
SCADA-PANEL-365-HS,SCADA-PANEL
SP-BUS-SVC-TYPE-ABC,HV-BUS
PM-EARTHING-SYSTEM-MAINTENANCE,PM-EARTHING-SYSTEM
KL-LV-CAR-SERVICE-TYPE-ABC,LV-CAR
KT-LV-CAR-SERVICE-TYPE-ABC,LV-CAR
KG-LV-CAR-SERVICE-TYPE-ABC,LV-CAR
KS-LV-CAR-SERVICE-TYPE-ABC,LV-CAR
HS-LV-CAR-SERVICE-TYPE-ABC,LV-CAR
HQ-LV-CAR-SERVICE-TYPE-ABC,LV-CAR
SP-LV-CAR-SERVICE-TYPE-ABC,LV-CAR
SB-LV-CAR-SERVICE-TYPE-ABC,LV-CAR
HL-LV-CAR-SERVICE-TYPE-ABC,LV-CAR
PJ-LV-CAR-SERVICE-TYPE-ABC,LV-CAR
GB-LV-CAR-SERVICE-TYPE-ABC,LV-CAR
NORTH-LV-CAR-SERVICE-TYPE-ABC,LV-CAR
SOUTH-LV-CAR-SERVICE-TYPE-ABC,LV-CAR
KL-LV-MPV-SERVICE-TYPE-ABC,LV-MPV
KT-LV-MPV-SERVICE-TYPE-ABC,LV-MPV
KG-LV-MPV-SERVICE-TYPE-ABC,LV-MPV
KS-LV-MPV-SERVICE-TYPE-ABC,LV-MPV
HS-LV-MPV-SERVICE-TYPE-ABC,LV-MPV
HQ-LV-MPV-SERVICE-TYPE-ABC,LV-MPV
SP-LV-MPV-SERVICE-TYPE-ABC,LV-MPV
SB-LV-MPV-SERVICE-TYPE-ABC,LV-MPV
HL-LV-MPV-SERVICE-TYPE-ABC,LV-MPV
PJ-LV-MPV-SERVICE-TYPE-ABC,LV-MPV
GB-LV-MPV-SERVICE-TYPE-ABC,LV-MPV
NORTH-LV-MPV-SERVICE-TYPE-ABC,LV-MPV
SOUTH-LV-MPV-SERVICE-TYPE-ABC,LV-MPV
KL-PANEL-VAN-SERVICE-TYPE-ABC,LV-PANEL-VAN
KT-PANEL-VAN-SERVICE-TYPE-ABC,LV-PANEL-VAN
KG-PANEL-VAN-SERVICE-TYPE-ABC,LV-PANEL-VAN
KS-PANEL-VAN-SERVICE-TYPE-ABC,LV-PANEL-VAN
HS-PANEL-VAN-SERVICE-TYPE-ABC,LV-PANEL-VAN
HQ-PANEL-VAN-SERVICE-TYPE-ABC,LV-PANEL-VAN
SP-PANEL-VAN-SERVICE-TYPE-ABC,LV-PANEL-VAN
SB-PANEL-VAN-SERVICE-TYPE-ABC,LV-PANEL-VAN
HL-PANEL-VAN-SERVICE-TYPE-ABC,LV-PANEL-VAN
PJ-PANEL-VAN-SERVICE-TYPE-ABC,LV-PANEL-VAN
GB-PANEL-VAN-SERVICE-TYPE-ABC,LV-PANEL-VAN
NORTH-PNL-VAN-SERVICE-TYPE-ABC,LV-PANEL-VAN
SOUTH-PNL-VAN-SERVICE-TYPE-ABC,LV-PANEL-VAN
KL-LV-PICKUP-SERVICE-TYPE-ABC,LV-PICKUP
KT-LV-PICKUP-SERVICE-TYPE-ABC,LV-PICKUP
KG-LV-PICKUP-SERVICE-TYPE-ABC,LV-PICKUP
KS-LV-PICKUP-SERVICE-TYPE-ABC,LV-PICKUP
HS-LV-PICKUP-SERVICE-TYPE-ABC,LV-PICKUP
HQ-LV-PICKUP-SERVICE-TYPE-ABC,LV-PICKUP
SP-LV-PICKUP-SERVICE-TYPE-ABC,LV-PICKUP
SB-LV-PICKUP-SERVICE-TYPE-ABC,LV-PICKUP
HL-LV-PICKUP-SERVICE-TYPE-ABC,LV-PICKUP
PJ-LV-PICKUP-SERVICE-TYPE-ABC,LV-PICKUP
GB-LV-PICKUP-SERVICE-TYPE-ABC,LV-PICKUP
NORTH-PICKUP-SERVICE-TYPE-ABC,LV-PICKUP
SOUTH-PICKUP-SERVICE-TYPE-ABC,LV-PICKUP
KL-SCHOOL-VAN-SERVICE-TYPE-ABC,LV-SCHOOL-VAN
KT-SCHOOL-VAN-SERVICE-TYPE-ABC,LV-SCHOOL-VAN
KG-SCHOOL-VAN-SERVICE-TYPE-ABC,LV-SCHOOL-VAN
KS-SCHOOL-VAN-SERVICE-TYPE-ABC,LV-SCHOOL-VAN
HS-SCHOOL-VAN-SERVICE-TYPE-ABC,LV-SCHOOL-VAN
HQ-SCHOOL-VAN-SERVICE-TYPE-ABC,LV-SCHOOL-VAN
SP-SCHOOL-VAN-SERVICE-TYPE-ABC,LV-SCHOOL-VAN
SB-SCHOOL-VAN-SERVICE-TYPE-ABC,LV-SCHOOL-VAN
HL-SCHOOL-VAN-SERVICE-TYPE-ABC,LV-SCHOOL-VAN
PJ-SCHOOL-VAN-SERVICE-TYPE-ABC,LV-SCHOOL-VAN
GB-SCHOOL-VAN-SERVICE-TYPE-ABC,LV-SCHOOL-VAN
NORTH-SCH-VAN-SERVICE-TYPE-ABC,LV-SCHOOL-VAN
SOUTH-SCH-VAN-SERVICE-TYPE-ABC,LV-SCHOOL-VAN
KL-LV-SUV-SERVICE-TYPE-ABC,LV-SUV
KT-LV-SUV-SERVICE-TYPE-ABC,LV-SUV
KG-LV-SUV-SERVICE-TYPE-ABC,LV-SUV
KS-LV-SUV-SERVICE-TYPE-ABC,LV-SUV
