Owning Organization,Parent Level 2,Parent Level 4,badge_no
ENGINEERING SERVICES - DISTRIBUTION,DISTRIBUTION,PUMP HOUSE,BUTV-0000496
ENGINEERING SERVICES - DISTRIBUTION,DISTRIBUTION,PUMP HOUSE,BUTV-0000497
ENGINEERING SERVICES - DISTRIBUTION,DISTRIBUTION,PUMP HOUSE,BUTV-0000498
ENGINEERING SERVICES - DISTRIBUTION,DISTRIBUTION,PUMP HOUSE,BUTV-0000499
ENGINEERING SERVICES - DISTRIBUTION,DISTRIBUTION,PUMP HOUSE,CNBL-0000387
ENGINEERING SERVICES - DISTRIBUTION,DISTRIBUTION,PUMP HOUSE,CHKV-0001067
ENGINEERING SERVICES - DISTRIBUTION,DISTRIBUTION,PUMP HOUSE,CHKV-0001068
ENGINEERING SERVICES - DISTRIBUTION,DISTRIBUTION,PUMP HOUSE,CPNL-0001061
ENGINEERING SERVICES - DISTRIBUTION,DISTRIBUTION,PUMP HOUSE,CPNL-0001062
ENGINEERING SERVICES - DISTRIBUTION,DISTRIBUTION,PUMP HOUSE,PRGG-0001919
ENGINEERING SERVICES - DISTRIBUTION,DISTRIBUTION,PUMP HOUSE,PRGG-0001920
ENGINEERING SERVICES - DISTRIBUTION,DISTRIBUTION,PUMP HOUSE,PRGG-0001921
ENGINEERING SERVICES - DISTRIBUTION,DISTRIBUTION,PUMP HOUSE,PRGG-0001922
ENGINEERING SERVICES - DISTRIBUTION,DISTRIBUTION,PUMP HOUSE,MOTR-0001076
ENGINEERING SERVICES - DISTRIBUTION,DISTRIBUTION,PUMP HOUSE,PUMP-0001077
ENGINEERING SERVICES - DISTRIBUTION,DISTRIBUTION,PUMP HOUSE,MOTR-0001077
ENGINEERING SERVICES - DISTRIBUTION,DISTRIBUTION,PUMP HOUSE,PUMP-0001078
ENGINEERING SERVICES - DISTRIBUTION,DISTRIBUTION,PUMP HOUSE,BUTV-0000456
ENGINEERING SERVICES - DISTRIBUTION,DISTRIBUTION,PUMP HOUSE,BUTV-0000457
ENGINEERING SERVICES - DISTRIBUTION,DISTRIBUTION,PUMP HOUSE,BUTV-0000458
ENGINEERING SERVICES - DISTRIBUTION,DISTRIBUTION,PUMP HOUSE,BUTV-0000459
ENGINEERING SERVICES - DISTRIBUTION,DISTRIBUTION,PUMP HOUSE,BUTV-0000460
ENGINEERING SERVICES - DISTRIBUTION,DISTRIBUTION,PUMP HOUSE,BUTV-0000461
ENGINEERING SERVICES - DISTRIBUTION,DISTRIBUTION,PUMP HOUSE,BUTV-0000462
ENGINEERING SERVICES - DISTRIBUTION,DISTRIBUTION,PUMP HOUSE,BUTV-0000463
ENGINEERING SERVICES - DISTRIBUTION,DISTRIBUTION,PUMP HOUSE,CNBL-0000376
ENGINEERING SERVICES - DISTRIBUTION,DISTRIBUTION,PUMP HOUSE,CHKV-0001032
ENGINEERING SERVICES - DISTRIBUTION,DISTRIBUTION,PUMP HOUSE,CHKV-0001033
ENGINEERING SERVICES - DISTRIBUTION,DISTRIBUTION,PUMP HOUSE,CHKV-0001034
ENGINEERING SERVICES - DISTRIBUTION,DISTRIBUTION,PUMP HOUSE,CHKV-0001035
ENGINEERING SERVICES - DISTRIBUTION,DISTRIBUTION,PUMP HOUSE,PRGG-0001854
ENGINEERING SERVICES - DISTRIBUTION,DISTRIBUTION,PUMP HOUSE,PRGG-0001849
ENGINEERING SERVICES - DISTRIBUTION,DISTRIBUTION,PUMP HOUSE,PRGG-0001850
ENGINEERING SERVICES - DISTRIBUTION,DISTRIBUTION,PUMP HOUSE,PRGG-0001851
ENGINEERING SERVICES - DISTRIBUTION,DISTRIBUTION,PUMP HOUSE,PRGG-0001852
ENGINEERING SERVICES - DISTRIBUTION,DISTRIBUTION,PUMP HOUSE,PRGG-0001853
ENGINEERING SERVICES - DISTRIBUTION,DISTRIBUTION,PUMP HOUSE,PRGG-0001855
ENGINEERING SERVICES - DISTRIBUTION,DISTRIBUTION,PUMP HOUSE,PRGG-0001856
ENGINEERING SERVICES - DISTRIBUTION,DISTRIBUTION,PUMP HOUSE,SAPV-0000276
ENGINEERING SERVICES - DISTRIBUTION,DISTRIBUTION,PUMP HOUSE,BUTV-0000444
ENGINEERING SERVICES - DISTRIBUTION,DISTRIBUTION,PUMP HOUSE,BUTV-0000445
ENGINEERING SERVICES - DISTRIBUTION,DISTRIBUTION,PUMP HOUSE,BUTV-0000446
ENGINEERING SERVICES - DISTRIBUTION,DISTRIBUTION,PUMP HOUSE,BUTV-0000447
ENGINEERING SERVICES - DISTRIBUTION,DISTRIBUTION,PUMP HOUSE,CNBL-0000361
ENGINEERING SERVICES - DISTRIBUTION,DISTRIBUTION,PUMP HOUSE,CHKV-0000978
ENGINEERING SERVICES - DISTRIBUTION,DISTRIBUTION,PUMP HOUSE,CHKV-0000979
ENGINEERING SERVICES - DISTRIBUTION,DISTRIBUTION,PUMP HOUSE,PRGG-0001741
ENGINEERING SERVICES - DISTRIBUTION,DISTRIBUTION,PUMP HOUSE,PRGG-0001742
ENGINEERING SERVICES - DISTRIBUTION,DISTRIBUTION,PUMP HOUSE,PRGG-0001743
ENGINEERING SERVICES - DISTRIBUTION,DISTRIBUTION,PUMP HOUSE,PRGG-0001744
ENGINEERING SERVICES - DISTRIBUTION,DISTRIBUTION,PUMP HOUSE,SAPV-0000262
ENGINEERING SERVICES - DISTRIBUTION,DISTRIBUTION,PUMP HOUSE,CNBL-0000397
ENGINEERING SERVICES - DISTRIBUTION,DISTRIBUTION,PUMP HOUSE,CHKV-0001103
ENGINEERING SERVICES - DISTRIBUTION,DISTRIBUTION,PUMP HOUSE,CHKV-0001104
ENGINEERING SERVICES - DISTRIBUTION,DISTRIBUTION,PUMP HOUSE,CHKV-0001105
ENGINEERING SERVICES - DISTRIBUTION,DISTRIBUTION,PUMP HOUSE,CHKV-0001106
ENGINEERING SERVICES - DISTRIBUTION,DISTRIBUTION,PUMP HOUSE,PRGG-0001991
ENGINEERING SERVICES - DISTRIBUTION,DISTRIBUTION,PUMP HOUSE,PRGG-0001992
ENGINEERING SERVICES - DISTRIBUTION,DISTRIBUTION,PUMP HOUSE,PRGG-0001993
ENGINEERING SERVICES - DISTRIBUTION,DISTRIBUTION,PUMP HOUSE,PRGG-0001994
ENGINEERING SERVICES - DISTRIBUTION,DISTRIBUTION,PUMP HOUSE,PRGG-0001995
ENGINEERING SERVICES - DISTRIBUTION,DISTRIBUTION,PUMP HOUSE,PRGG-0001996
ENGINEERING SERVICES - DISTRIBUTION,DISTRIBUTION,PUMP HOUSE,PRGG-0001997
ENGINEERING SERVICES - DISTRIBUTION,DISTRIBUTION,PUMP HOUSE,PRGG-0001998
ENGINEERING SERVICES - DISTRIBUTION,DISTRIBUTION,PUMP HOUSE,SULV-0001697
ENGINEERING SERVICES - DISTRIBUTION,DISTRIBUTION,PUMP HOUSE,SULV-0001698
ENGINEERING SERVICES - DISTRIBUTION,DISTRIBUTION,PUMP HOUSE,SULV-0001699
ENGINEERING SERVICES - DISTRIBUTION,DISTRIBUTION,PUMP HOUSE,SULV-0001700
ENGINEERING SERVICES - DISTRIBUTION,DISTRIBUTION,PUMP HOUSE,SULV-0001701
ENGINEERING SERVICES - DISTRIBUTION,DISTRIBUTION,PUMP HOUSE,SULV-0001702
ENGINEERING SERVICES - DISTRIBUTION,DISTRIBUTION,PUMP HOUSE,SULV-0001703
ENGINEERING SERVICES - DISTRIBUTION,DISTRIBUTION,PUMP HOUSE,SULV-0001704
ENGINEERING SERVICES - DISTRIBUTION,DISTRIBUTION,PUMP HOUSE,SAPV-0000297
ENGINEERING SERVICES - DISTRIBUTION,DISTRIBUTION,PUMP HOUSE,BUTV-0000436
ENGINEERING SERVICES - DISTRIBUTION,DISTRIBUTION,PUMP HOUSE,BUTV-0000437
ENGINEERING SERVICES - DISTRIBUTION,DISTRIBUTION,PUMP HOUSE,BUTV-0000438
ENGINEERING SERVICES - DISTRIBUTION,DISTRIBUTION,PUMP HOUSE,BUTV-0000439
ENGINEERING SERVICES - DISTRIBUTION,DISTRIBUTION,PUMP HOUSE,BUTV-0000440
ENGINEERING SERVICES - DISTRIBUTION,DISTRIBUTION,PUMP HOUSE,BUTV-0000441
ENGINEERING SERVICES - DISTRIBUTION,DISTRIBUTION,PUMP HOUSE,BUTV-0000442
ENGINEERING SERVICES - DISTRIBUTION,DISTRIBUTION,PUMP HOUSE,BUTV-0000443
ENGINEERING SERVICES - DISTRIBUTION,DISTRIBUTION,PUMP HOUSE,CNBL-0000358
ENGINEERING SERVICES - DISTRIBUTION,DISTRIBUTION,PUMP HOUSE,CHKV-0000970
ENGINEERING SERVICES - DISTRIBUTION,DISTRIBUTION,PUMP HOUSE,CHKV-0000971
ENGINEERING SERVICES - DISTRIBUTION,DISTRIBUTION,PUMP HOUSE,CHKV-0000972
ENGINEERING SERVICES - DISTRIBUTION,DISTRIBUTION,PUMP HOUSE,CHKV-0000973
ENGINEERING SERVICES - DISTRIBUTION,DISTRIBUTION,PUMP HOUSE,PRGG-0001725
ENGINEERING SERVICES - DISTRIBUTION,DISTRIBUTION,PUMP HOUSE,PRGG-0001726
ENGINEERING SERVICES - DISTRIBUTION,DISTRIBUTION,PUMP HOUSE,PRGG-0001727
ENGINEERING SERVICES - DISTRIBUTION,DISTRIBUTION,PUMP HOUSE,PRGG-0001728
ENGINEERING SERVICES - DISTRIBUTION,DISTRIBUTION,PUMP HOUSE,PRGG-0001729
ENGINEERING SERVICES - DISTRIBUTION,DISTRIBUTION,PUMP HOUSE,PRGG-0001730
ENGINEERING SERVICES - DISTRIBUTION,DISTRIBUTION,PUMP HOUSE,PRGG-0001731
ENGINEERING SERVICES - DISTRIBUTION,DISTRIBUTION,PUMP HOUSE,PRGG-0001732
ENGINEERING SERVICES - DISTRIBUTION,DISTRIBUTION,PUMP HOUSE,SAPV-0000259
ENGINEERING SERVICES - DISTRIBUTION,DISTRIBUTION,PUMP HOUSE,CNBL-0000386
ENGINEERING SERVICES - DISTRIBUTION,DISTRIBUTION,PUMP HOUSE,CHKV-0001064
ENGINEERING SERVICES - DISTRIBUTION,DISTRIBUTION,PUMP HOUSE,CHKV-0001065
ENGINEERING SERVICES - DISTRIBUTION,DISTRIBUTION,PUMP HOUSE,CHKV-0001066
ENGINEERING SERVICES - DISTRIBUTION,DISTRIBUTION,PUMP HOUSE,PRGG-0001913
ENGINEERING SERVICES - DISTRIBUTION,DISTRIBUTION,PUMP HOUSE,PRGG-0001914
ENGINEERING SERVICES - DISTRIBUTION,DISTRIBUTION,PUMP HOUSE,PRGG-0001915
ENGINEERING SERVICES - DISTRIBUTION,DISTRIBUTION,PUMP HOUSE,PRGG-0001916
ENGINEERING SERVICES - DISTRIBUTION,DISTRIBUTION,PUMP HOUSE,PRGG-0001917
ENGINEERING SERVICES - DISTRIBUTION,DISTRIBUTION,PUMP HOUSE,PRGG-0001918
ENGINEERING SERVICES - DISTRIBUTION,DISTRIBUTION,PUMP HOUSE,SULV-0001649
ENGINEERING SERVICES - DISTRIBUTION,DISTRIBUTION,PUMP HOUSE,SULV-0001650
ENGINEERING SERVICES - DISTRIBUTION,DISTRIBUTION,PUMP HOUSE,SULV-0001651
ENGINEERING SERVICES - DISTRIBUTION,DISTRIBUTION,PUMP HOUSE,SULV-0001652
ENGINEERING SERVICES - DISTRIBUTION,DISTRIBUTION,PUMP HOUSE,SULV-0001653
ENGINEERING SERVICES - DISTRIBUTION,DISTRIBUTION,PUMP HOUSE,SULV-0001654
ENGINEERING SERVICES - DISTRIBUTION,DISTRIBUTION,PUMP HOUSE,SAPV-0000287
ENGINEERING SERVICES - DISTRIBUTION,DISTRIBUTION,PUMP HOUSE,CNBL-0000392
ENGINEERING SERVICES - DISTRIBUTION,DISTRIBUTION,PUMP HOUSE,CHKV-0001080
ENGINEERING SERVICES - DISTRIBUTION,DISTRIBUTION,PUMP HOUSE,CHKV-0001081
ENGINEERING SERVICES - DISTRIBUTION,DISTRIBUTION,PUMP HOUSE,CHKV-0001082
ENGINEERING SERVICES - DISTRIBUTION,DISTRIBUTION,PUMP HOUSE,CPNL-0001074
ENGINEERING SERVICES - DISTRIBUTION,DISTRIBUTION,PUMP HOUSE,CPNL-0001075
ENGINEERING SERVICES - DISTRIBUTION,DISTRIBUTION,PUMP HOUSE,CPNL-0001076
ENGINEERING SERVICES - DISTRIBUTION,DISTRIBUTION,PUMP HOUSE,PRGG-0001945
ENGINEERING SERVICES - DISTRIBUTION,DISTRIBUTION,PUMP HOUSE,PRGG-0001946
ENGINEERING SERVICES - DISTRIBUTION,DISTRIBUTION,PUMP HOUSE,PRGG-0001947
ENGINEERING SERVICES - DISTRIBUTION,DISTRIBUTION,PUMP HOUSE,PRGG-0001948
ENGINEERING SERVICES - DISTRIBUTION,DISTRIBUTION,PUMP HOUSE,PRGG-0001949
ENGINEERING SERVICES - DISTRIBUTION,DISTRIBUTION,PUMP HOUSE,PRGG-0001950
ENGINEERING SERVICES - DISTRIBUTION,DISTRIBUTION,PUMP HOUSE,MOTR-0001089
ENGINEERING SERVICES - DISTRIBUTION,DISTRIBUTION,PUMP HOUSE,PUMP-0001090
ENGINEERING SERVICES - DISTRIBUTION,DISTRIBUTION,PUMP HOUSE,MOTR-0001090
ENGINEERING SERVICES - DISTRIBUTION,DISTRIBUTION,PUMP HOUSE,PUMP-0001091
ENGINEERING SERVICES - DISTRIBUTION,DISTRIBUTION,PUMP HOUSE,MOTR-0001091
ENGINEERING SERVICES - DISTRIBUTION,DISTRIBUTION,PUMP HOUSE,PUMP-0001092
ENGINEERING SERVICES - DISTRIBUTION,DISTRIBUTION,PUMP HOUSE,SULV-0001669
ENGINEERING SERVICES - DISTRIBUTION,DISTRIBUTION,PUMP HOUSE,SULV-0001670
ENGINEERING SERVICES - DISTRIBUTION,DISTRIBUTION,PUMP HOUSE,SULV-0001671
ENGINEERING SERVICES - DISTRIBUTION,DISTRIBUTION,PUMP HOUSE,SULV-0001672
ENGINEERING SERVICES - DISTRIBUTION,DISTRIBUTION,PUMP HOUSE,SULV-0001673
ENGINEERING SERVICES - DISTRIBUTION,DISTRIBUTION,PUMP HOUSE,SULV-0001674
ENGINEERING SERVICES - DISTRIBUTION,DISTRIBUTION,PUMP HOUSE,CNBL-0000375
ENGINEERING SERVICES - DISTRIBUTION,DISTRIBUTION,PUMP HOUSE,CHKV-0001028
ENGINEERING SERVICES - DISTRIBUTION,DISTRIBUTION,PUMP HOUSE,CHKV-0001029
ENGINEERING SERVICES - DISTRIBUTION,DISTRIBUTION,PUMP HOUSE,PRGG-0001841
ENGINEERING SERVICES - DISTRIBUTION,DISTRIBUTION,PUMP HOUSE,PRGG-0001842
ENGINEERING SERVICES - DISTRIBUTION,DISTRIBUTION,PUMP HOUSE,PRGG-0001843
ENGINEERING SERVICES - DISTRIBUTION,DISTRIBUTION,PUMP HOUSE,PRGG-0001844
ENGINEERING SERVICES - DISTRIBUTION,DISTRIBUTION,PUMP HOUSE,SULV-0001617
ENGINEERING SERVICES - DISTRIBUTION,DISTRIBUTION,PUMP HOUSE,SULV-0001618
ENGINEERING SERVICES - DISTRIBUTION,DISTRIBUTION,PUMP HOUSE,SULV-0001619
ENGINEERING SERVICES - DISTRIBUTION,DISTRIBUTION,PUMP HOUSE,SULV-0001620
ENGINEERING SERVICES - DISTRIBUTION,DISTRIBUTION,PUMP HOUSE,SAPV-0000274
ENGINEERING SERVICES - DISTRIBUTION,DISTRIBUTION,PUMP HOUSE,CNBL-0000365
ENGINEERING SERVICES - DISTRIBUTION,DISTRIBUTION,PUMP HOUSE,CHKV-0000993
ENGINEERING SERVICES - DISTRIBUTION,DISTRIBUTION,PUMP HOUSE,CHKV-0000994
ENGINEERING SERVICES - DISTRIBUTION,DISTRIBUTION,PUMP HOUSE,CHKV-0000995
ENGINEERING SERVICES - DISTRIBUTION,DISTRIBUTION,PUMP HOUSE,PRGG-0001772
ENGINEERING SERVICES - DISTRIBUTION,DISTRIBUTION,PUMP HOUSE,PRGG-0001771
ENGINEERING SERVICES - DISTRIBUTION,DISTRIBUTION,PUMP HOUSE,PRGG-0001773
ENGINEERING SERVICES - DISTRIBUTION,DISTRIBUTION,PUMP HOUSE,PRGG-0001774
ENGINEERING SERVICES - DISTRIBUTION,DISTRIBUTION,PUMP HOUSE,PRGG-0001775
ENGINEERING SERVICES - DISTRIBUTION,DISTRIBUTION,PUMP HOUSE,PRGG-0001776
ENGINEERING SERVICES - DISTRIBUTION,DISTRIBUTION,PUMP HOUSE,SULV-0001555
ENGINEERING SERVICES - DISTRIBUTION,DISTRIBUTION,PUMP HOUSE,SULV-0001556
ENGINEERING SERVICES - DISTRIBUTION,DISTRIBUTION,PUMP HOUSE,SULV-0001557
ENGINEERING SERVICES - DISTRIBUTION,DISTRIBUTION,PUMP HOUSE,SULV-0001558
ENGINEERING SERVICES - DISTRIBUTION,DISTRIBUTION,PUMP HOUSE,SULV-0001559
ENGINEERING SERVICES - DISTRIBUTION,DISTRIBUTION,PUMP HOUSE,SULV-0001560
ENGINEERING SERVICES - DISTRIBUTION,DISTRIBUTION,PUMP HOUSE,SAPV-0000267
ENGINEERING SERVICES - DISTRIBUTION,DISTRIBUTION,PUMP HOUSE,CHKV-0000986
ENGINEERING SERVICES - DISTRIBUTION,DISTRIBUTION,PUMP HOUSE,CHKV-0000987
ENGINEERING SERVICES - DISTRIBUTION,DISTRIBUTION,PUMP HOUSE,PRGG-0001757
ENGINEERING SERVICES - DISTRIBUTION,DISTRIBUTION,PUMP HOUSE,PRGG-0001758
ENGINEERING SERVICES - DISTRIBUTION,DISTRIBUTION,PUMP HOUSE,PRGG-0001759
ENGINEERING SERVICES - DISTRIBUTION,DISTRIBUTION,PUMP HOUSE,PRGG-0001760
ENGINEERING SERVICES - DISTRIBUTION,DISTRIBUTION,PUMP HOUSE,SULV-0001541
ENGINEERING SERVICES - DISTRIBUTION,DISTRIBUTION,PUMP HOUSE,SULV-0001542
ENGINEERING SERVICES - DISTRIBUTION,DISTRIBUTION,PUMP HOUSE,SULV-0001543
ENGINEERING SERVICES - DISTRIBUTION,DISTRIBUTION,PUMP HOUSE,SULV-0001544
ENGINEERING SERVICES - DISTRIBUTION,DISTRIBUTION,PUMP HOUSE,CNBL-0000363
ENGINEERING SERVICES - DISTRIBUTION,DISTRIBUTION,PUMP HOUSE,CHKV-0000988
ENGINEERING SERVICES - DISTRIBUTION,DISTRIBUTION,PUMP HOUSE,CHKV-0000989
ENGINEERING SERVICES - DISTRIBUTION,DISTRIBUTION,PUMP HOUSE,CPNL-0000982
ENGINEERING SERVICES - DISTRIBUTION,DISTRIBUTION,PUMP HOUSE,CPNL-0000983
ENGINEERING SERVICES - DISTRIBUTION,DISTRIBUTION,PUMP HOUSE,PRGG-0001761
ENGINEERING SERVICES - DISTRIBUTION,DISTRIBUTION,PUMP HOUSE,PRGG-0001762
ENGINEERING SERVICES - DISTRIBUTION,DISTRIBUTION,PUMP HOUSE,PRGG-0001763
ENGINEERING SERVICES - DISTRIBUTION,DISTRIBUTION,PUMP HOUSE,PRGG-0001764
ENGINEERING SERVICES - DISTRIBUTION,DISTRIBUTION,PUMP HOUSE,MOTR-0000997
ENGINEERING SERVICES - DISTRIBUTION,DISTRIBUTION,PUMP HOUSE,PUMP-0000998
ENGINEERING SERVICES - DISTRIBUTION,DISTRIBUTION,PUMP HOUSE,MOTR-0000998
ENGINEERING SERVICES - DISTRIBUTION,DISTRIBUTION,PUMP HOUSE,PUMP-0000999
ENGINEERING SERVICES - DISTRIBUTION,DISTRIBUTION,PUMP HOUSE,SULV-0001545
ENGINEERING SERVICES - DISTRIBUTION,DISTRIBUTION,PUMP HOUSE,SULV-0001546
ENGINEERING SERVICES - DISTRIBUTION,DISTRIBUTION,PUMP HOUSE,SULV-0001547
ENGINEERING SERVICES - DISTRIBUTION,DISTRIBUTION,PUMP HOUSE,SULV-0001548
ENGINEERING SERVICES - DISTRIBUTION,DISTRIBUTION,PUMP HOUSE,SAPV-0000265
ENGINEERING SERVICES - DISTRIBUTION,DISTRIBUTION,PUMP HOUSE,CNBL-0000364
ENGINEERING SERVICES - DISTRIBUTION,DISTRIBUTION,PUMP HOUSE,CHKV-0000990
ENGINEERING SERVICES - DISTRIBUTION,DISTRIBUTION,PUMP HOUSE,CHKV-0000991
ENGINEERING SERVICES - DISTRIBUTION,DISTRIBUTION,PUMP HOUSE,CHKV-0000992
ENGINEERING SERVICES - DISTRIBUTION,DISTRIBUTION,PUMP HOUSE,CPNL-0000984
ENGINEERING SERVICES - DISTRIBUTION,DISTRIBUTION,PUMP HOUSE,CPNL-0000985
ENGINEERING SERVICES - DISTRIBUTION,DISTRIBUTION,PUMP HOUSE,CPNL-0000986
ENGINEERING SERVICES - DISTRIBUTION,DISTRIBUTION,PUMP HOUSE,PRGG-0001765
ENGINEERING SERVICES - DISTRIBUTION,DISTRIBUTION,PUMP HOUSE,PRGG-0001766
ENGINEERING SERVICES - DISTRIBUTION,DISTRIBUTION,PUMP HOUSE,PRGG-0001767
ENGINEERING SERVICES - DISTRIBUTION,DISTRIBUTION,PUMP HOUSE,PRGG-0001768
ENGINEERING SERVICES - DISTRIBUTION,DISTRIBUTION,PUMP HOUSE,PRGG-0001769
ENGINEERING SERVICES - DISTRIBUTION,DISTRIBUTION,PUMP HOUSE,PRGG-0001770
ENGINEERING SERVICES - DISTRIBUTION,DISTRIBUTION,PUMP HOUSE,MOTR-0000999
ENGINEERING SERVICES - DISTRIBUTION,DISTRIBUTION,PUMP HOUSE,PUMP-0001000
ENGINEERING SERVICES - DISTRIBUTION,DISTRIBUTION,PUMP HOUSE,MOTR-0001000
ENGINEERING SERVICES - DISTRIBUTION,DISTRIBUTION,PUMP HOUSE,PUMP-0001001
ENGINEERING SERVICES - DISTRIBUTION,DISTRIBUTION,PUMP HOUSE,MOTR-0001001
ENGINEERING SERVICES - DISTRIBUTION,DISTRIBUTION,PUMP HOUSE,PUMP-0001002
ENGINEERING SERVICES - DISTRIBUTION,DISTRIBUTION,PUMP HOUSE,SULV-0001549
ENGINEERING SERVICES - DISTRIBUTION,DISTRIBUTION,PUMP HOUSE,SULV-0001550
ENGINEERING SERVICES - DISTRIBUTION,DISTRIBUTION,PUMP HOUSE,SULV-0001551
ENGINEERING SERVICES - DISTRIBUTION,DISTRIBUTION,PUMP HOUSE,SULV-0001552
ENGINEERING SERVICES - DISTRIBUTION,DISTRIBUTION,PUMP HOUSE,SULV-0001553
ENGINEERING SERVICES - DISTRIBUTION,DISTRIBUTION,PUMP HOUSE,SULV-0001554
ENGINEERING SERVICES - DISTRIBUTION,DISTRIBUTION,PUMP HOUSE,SAPV-0000266
ENGINEERING SERVICES - DISTRIBUTION,DISTRIBUTION,PUMP HOUSE,ACTR-0000061
ENGINEERING SERVICES - DISTRIBUTION,DISTRIBUTION,PUMP HOUSE,ACTR-0000062
ENGINEERING SERVICES - DISTRIBUTION,DISTRIBUTION,PUMP HOUSE,ACTR-0000063
ENGINEERING SERVICES - DISTRIBUTION,DISTRIBUTION,PUMP HOUSE,ACTR-0000064
ENGINEERING SERVICES - DISTRIBUTION,DISTRIBUTION,PUMP HOUSE,BUTV-0000526
ENGINEERING SERVICES - DISTRIBUTION,DISTRIBUTION,PUMP HOUSE,BUTV-0000527
ENGINEERING SERVICES - DISTRIBUTION,DISTRIBUTION,PUMP HOUSE,BUTV-0000528
ENGINEERING SERVICES - DISTRIBUTION,DISTRIBUTION,PUMP HOUSE,BUTV-0000529
ENGINEERING SERVICES - DISTRIBUTION,DISTRIBUTION,PUMP HOUSE,BUTV-0000530
ENGINEERING SERVICES - DISTRIBUTION,DISTRIBUTION,PUMP HOUSE,BUTV-0000531
ENGINEERING SERVICES - DISTRIBUTION,DISTRIBUTION,PUMP HOUSE,BUTV-0000532
ENGINEERING SERVICES - DISTRIBUTION,DISTRIBUTION,PUMP HOUSE,BUTV-0000533
ENGINEERING SERVICES - DISTRIBUTION,DISTRIBUTION,PUMP HOUSE,CNBL-0000400
ENGINEERING SERVICES - DISTRIBUTION,DISTRIBUTION,PUMP HOUSE,CHKV-0001112
ENGINEERING SERVICES - DISTRIBUTION,DISTRIBUTION,PUMP HOUSE,CHKV-0001113
ENGINEERING SERVICES - DISTRIBUTION,DISTRIBUTION,PUMP HOUSE,CHKV-0001114
ENGINEERING SERVICES - DISTRIBUTION,DISTRIBUTION,PUMP HOUSE,CHKV-0001115
ENGINEERING SERVICES - DISTRIBUTION,DISTRIBUTION,PUMP HOUSE,PRGG-0002009
ENGINEERING SERVICES - DISTRIBUTION,DISTRIBUTION,PUMP HOUSE,PRGG-0002010
ENGINEERING SERVICES - DISTRIBUTION,DISTRIBUTION,PUMP HOUSE,PRGG-0002011
ENGINEERING SERVICES - DISTRIBUTION,DISTRIBUTION,PUMP HOUSE,PRGG-0002012
ENGINEERING SERVICES - DISTRIBUTION,DISTRIBUTION,PUMP HOUSE,PRGG-0002013
ENGINEERING SERVICES - DISTRIBUTION,DISTRIBUTION,PUMP HOUSE,PRGG-0002014
ENGINEERING SERVICES - DISTRIBUTION,DISTRIBUTION,PUMP HOUSE,PRGG-0002015
ENGINEERING SERVICES - DISTRIBUTION,DISTRIBUTION,PUMP HOUSE,PRGG-0002016
ENGINEERING SERVICES - DISTRIBUTION,DISTRIBUTION,PUMP HOUSE,CNBL-0000381
ENGINEERING SERVICES - DISTRIBUTION,DISTRIBUTION,PUMP HOUSE,CHKV-0001050
ENGINEERING SERVICES - DISTRIBUTION,DISTRIBUTION,PUMP HOUSE,CHKV-0001051
ENGINEERING SERVICES - DISTRIBUTION,DISTRIBUTION,PUMP HOUSE,PRGG-0001885
ENGINEERING SERVICES - DISTRIBUTION,DISTRIBUTION,PUMP HOUSE,PRGG-0001886
ENGINEERING SERVICES - DISTRIBUTION,DISTRIBUTION,PUMP HOUSE,PRGG-0001887
ENGINEERING SERVICES - DISTRIBUTION,DISTRIBUTION,PUMP HOUSE,PRGG-0001888
ENGINEERING SERVICES - DISTRIBUTION,DISTRIBUTION,PUMP HOUSE,SULV-0001629
ENGINEERING SERVICES - DISTRIBUTION,DISTRIBUTION,PUMP HOUSE,SULV-0001630
ENGINEERING SERVICES - DISTRIBUTION,DISTRIBUTION,PUMP HOUSE,SULV-0001631
ENGINEERING SERVICES - DISTRIBUTION,DISTRIBUTION,PUMP HOUSE,SULV-0001632
ENGINEERING SERVICES - DISTRIBUTION,DISTRIBUTION,PUMP HOUSE,SAPV-0000281
ENGINEERING SERVICES - DISTRIBUTION,DISTRIBUTION,PUMP HOUSE,BUTV-0000484
ENGINEERING SERVICES - DISTRIBUTION,DISTRIBUTION,PUMP HOUSE,BUTV-0000485
ENGINEERING SERVICES - DISTRIBUTION,DISTRIBUTION,PUMP HOUSE,BUTV-0000486
ENGINEERING SERVICES - DISTRIBUTION,DISTRIBUTION,PUMP HOUSE,BUTV-0000487
ENGINEERING SERVICES - DISTRIBUTION,DISTRIBUTION,PUMP HOUSE,CNBL-0000380
ENGINEERING SERVICES - DISTRIBUTION,DISTRIBUTION,PUMP HOUSE,CHKV-0001048
ENGINEERING SERVICES - DISTRIBUTION,DISTRIBUTION,PUMP HOUSE,CHKV-0001049
ENGINEERING SERVICES - DISTRIBUTION,DISTRIBUTION,PUMP HOUSE,PRGG-0001881
ENGINEERING SERVICES - DISTRIBUTION,DISTRIBUTION,PUMP HOUSE,PRGG-0001882
ENGINEERING SERVICES - DISTRIBUTION,DISTRIBUTION,PUMP HOUSE,PRGG-0001883
ENGINEERING SERVICES - DISTRIBUTION,DISTRIBUTION,PUMP HOUSE,PRGG-0001884
ENGINEERING SERVICES - DISTRIBUTION,DISTRIBUTION,PUMP HOUSE,SAPV-0000280
ENGINEERING SERVICES - DISTRIBUTION,DISTRIBUTION,PUMP HOUSE,CNBL-0000401
ENGINEERING SERVICES - DISTRIBUTION,DISTRIBUTION,PUMP HOUSE,CHKV-0001116
ENGINEERING SERVICES - DISTRIBUTION,DISTRIBUTION,PUMP HOUSE,CHKV-0001117
ENGINEERING SERVICES - DISTRIBUTION,DISTRIBUTION,PUMP HOUSE,CPNL-0001110
ENGINEERING SERVICES - DISTRIBUTION,DISTRIBUTION,PUMP HOUSE,CPNL-0001111
ENGINEERING SERVICES - DISTRIBUTION,DISTRIBUTION,PUMP HOUSE,PRGG-0002017
ENGINEERING SERVICES - DISTRIBUTION,DISTRIBUTION,PUMP HOUSE,PRGG-0002018
ENGINEERING SERVICES - DISTRIBUTION,DISTRIBUTION,PUMP HOUSE,PRGG-0002019
ENGINEERING SERVICES - DISTRIBUTION,DISTRIBUTION,PUMP HOUSE,PRGG-0002020
ENGINEERING SERVICES - DISTRIBUTION,DISTRIBUTION,PUMP HOUSE,MOTR-0001125
ENGINEERING SERVICES - DISTRIBUTION,DISTRIBUTION,PUMP HOUSE,PUMP-0001126
ENGINEERING SERVICES - DISTRIBUTION,DISTRIBUTION,PUMP HOUSE,MOTR-0001126
ENGINEERING SERVICES - DISTRIBUTION,DISTRIBUTION,PUMP HOUSE,PUMP-0001127
ENGINEERING SERVICES - DISTRIBUTION,DISTRIBUTION,PUMP HOUSE,SULV-0001715
ENGINEERING SERVICES - DISTRIBUTION,DISTRIBUTION,PUMP HOUSE,SULV-0001716
ENGINEERING SERVICES - DISTRIBUTION,DISTRIBUTION,PUMP HOUSE,SULV-0001717
ENGINEERING SERVICES - DISTRIBUTION,DISTRIBUTION,PUMP HOUSE,SULV-0001718
ENGINEERING SERVICES - DISTRIBUTION,DISTRIBUTION,PUMP HOUSE,SAPV-0000300
ENGINEERING SERVICES - DISTRIBUTION,DISTRIBUTION,PUMP HOUSE,CHKV-0001007
ENGINEERING SERVICES - DISTRIBUTION,DISTRIBUTION,PUMP HOUSE,CHKV-0001008
ENGINEERING SERVICES - DISTRIBUTION,DISTRIBUTION,PUMP HOUSE,PRGG-0001799
ENGINEERING SERVICES - DISTRIBUTION,DISTRIBUTION,PUMP HOUSE,PRGG-0001800
ENGINEERING SERVICES - DISTRIBUTION,DISTRIBUTION,PUMP HOUSE,PRGG-0001801
ENGINEERING SERVICES - DISTRIBUTION,DISTRIBUTION,PUMP HOUSE,PRGG-0001802
ENGINEERING SERVICES - DISTRIBUTION,DISTRIBUTION,PUMP HOUSE,SULV-0001583
ENGINEERING SERVICES - DISTRIBUTION,DISTRIBUTION,PUMP HOUSE,SULV-0001584
ENGINEERING SERVICES - DISTRIBUTION,DISTRIBUTION,PUMP HOUSE,SULV-0001585
ENGINEERING SERVICES - DISTRIBUTION,DISTRIBUTION,PUMP HOUSE,SULV-0001586
ENGINEERING SERVICES - DISTRIBUTION,DISTRIBUTION,PUMP HOUSE,CNBL-0000369
ENGINEERING SERVICES - DISTRIBUTION,DISTRIBUTION,PUMP HOUSE,CHKV-0001009
ENGINEERING SERVICES - DISTRIBUTION,DISTRIBUTION,PUMP HOUSE,CHKV-0001010
ENGINEERING SERVICES - DISTRIBUTION,DISTRIBUTION,PUMP HOUSE,CPNL-0001003
ENGINEERING SERVICES - DISTRIBUTION,DISTRIBUTION,PUMP HOUSE,CPNL-0001004
ENGINEERING SERVICES - DISTRIBUTION,DISTRIBUTION,PUMP HOUSE,PRGG-0001803
ENGINEERING SERVICES - DISTRIBUTION,DISTRIBUTION,PUMP HOUSE,PRGG-0001804
ENGINEERING SERVICES - DISTRIBUTION,DISTRIBUTION,PUMP HOUSE,PRGG-0001805
ENGINEERING SERVICES - DISTRIBUTION,DISTRIBUTION,PUMP HOUSE,PRGG-0001806
ENGINEERING SERVICES - DISTRIBUTION,DISTRIBUTION,PUMP HOUSE,MOTR-0001018
ENGINEERING SERVICES - DISTRIBUTION,DISTRIBUTION,PUMP HOUSE,PUMP-0001019
ENGINEERING SERVICES - DISTRIBUTION,DISTRIBUTION,PUMP HOUSE,MOTR-0001019
ENGINEERING SERVICES - DISTRIBUTION,DISTRIBUTION,PUMP HOUSE,PUMP-0001020
ENGINEERING SERVICES - DISTRIBUTION,DISTRIBUTION,PUMP HOUSE,SULV-0001587
ENGINEERING SERVICES - DISTRIBUTION,DISTRIBUTION,PUMP HOUSE,SULV-0001588
ENGINEERING SERVICES - DISTRIBUTION,DISTRIBUTION,PUMP HOUSE,SULV-0001589
ENGINEERING SERVICES - DISTRIBUTION,DISTRIBUTION,PUMP HOUSE,SULV-0001590
ENGINEERING SERVICES - DISTRIBUTION,DISTRIBUTION,PUMP HOUSE,SAPV-0000270
ENGINEERING SERVICES - DISTRIBUTION,DISTRIBUTION,PUMP HOUSE,ACTR-0000050
ENGINEERING SERVICES - DISTRIBUTION,DISTRIBUTION,PUMP HOUSE,ACTR-0000051
ENGINEERING SERVICES - DISTRIBUTION,DISTRIBUTION,PUMP HOUSE,ACTR-0000052
ENGINEERING SERVICES - DISTRIBUTION,DISTRIBUTION,PUMP HOUSE,ACTR-0000053
ENGINEERING SERVICES - DISTRIBUTION,DISTRIBUTION,PUMP HOUSE,BUTV-0000468
ENGINEERING SERVICES - DISTRIBUTION,DISTRIBUTION,PUMP HOUSE,BUTV-0000469
ENGINEERING SERVICES - DISTRIBUTION,DISTRIBUTION,PUMP HOUSE,BUTV-0000470
ENGINEERING SERVICES - DISTRIBUTION,DISTRIBUTION,PUMP HOUSE,BUTV-0000471
ENGINEERING SERVICES - DISTRIBUTION,DISTRIBUTION,PUMP HOUSE,BUTV-0000472
ENGINEERING SERVICES - DISTRIBUTION,DISTRIBUTION,PUMP HOUSE,BUTV-0000473
ENGINEERING SERVICES - DISTRIBUTION,DISTRIBUTION,PUMP HOUSE,BUTV-0000474
ENGINEERING SERVICES - DISTRIBUTION,DISTRIBUTION,PUMP HOUSE,BUTV-0000475
ENGINEERING SERVICES - DISTRIBUTION,DISTRIBUTION,PUMP HOUSE,CHKV-0001040
ENGINEERING SERVICES - DISTRIBUTION,DISTRIBUTION,PUMP HOUSE,CHKV-0001041
ENGINEERING SERVICES - DISTRIBUTION,DISTRIBUTION,PUMP HOUSE,CHKV-0001042
ENGINEERING SERVICES - DISTRIBUTION,DISTRIBUTION,PUMP HOUSE,CHKV-0001043
ENGINEERING SERVICES - DISTRIBUTION,DISTRIBUTION,PUMP HOUSE,COMP-0000078
ENGINEERING SERVICES - DISTRIBUTION,DISTRIBUTION,PUMP HOUSE,COMP-0000079
ENGINEERING SERVICES - DISTRIBUTION,DISTRIBUTION,PUMP HOUSE,CRAN-0000197
ENGINEERING SERVICES - DISTRIBUTION,DISTRIBUTION,PUMP HOUSE,GENS-0000064
ENGINEERING SERVICES - DISTRIBUTION,DISTRIBUTION,PUMP HOUSE,PRGG-0001865
ENGINEERING SERVICES - DISTRIBUTION,DISTRIBUTION,PUMP HOUSE,PRGG-0001866
ENGINEERING SERVICES - DISTRIBUTION,DISTRIBUTION,PUMP HOUSE,PRGG-0001867
ENGINEERING SERVICES - DISTRIBUTION,DISTRIBUTION,PUMP HOUSE,PRGG-0001868
ENGINEERING SERVICES - DISTRIBUTION,DISTRIBUTION,PUMP HOUSE,PRGG-0001869
ENGINEERING SERVICES - DISTRIBUTION,DISTRIBUTION,PUMP HOUSE,PRGG-0001870
ENGINEERING SERVICES - DISTRIBUTION,DISTRIBUTION,PUMP HOUSE,PRGG-0001871
ENGINEERING SERVICES - DISTRIBUTION,DISTRIBUTION,PUMP HOUSE,PRGG-0001872
ENGINEERING SERVICES - DISTRIBUTION,DISTRIBUTION,PUMP HOUSE,SURV-0000012
ENGINEERING SERVICES - DISTRIBUTION,DISTRIBUTION,PUMP HOUSE,ACTR-0000299
ENGINEERING SERVICES - DISTRIBUTION,DISTRIBUTION,PUMP HOUSE,ACTR-0000300
ENGINEERING SERVICES - DISTRIBUTION,DISTRIBUTION,PUMP HOUSE,ACTR-0000301
ENGINEERING SERVICES - DISTRIBUTION,DISTRIBUTION,PUMP HOUSE,ACTR-0000302
ENGINEERING SERVICES - DISTRIBUTION,DISTRIBUTION,PUMP HOUSE,ACTR-0000303
ENGINEERING SERVICES - DISTRIBUTION,DISTRIBUTION,PUMP HOUSE,ACTR-0000304
ENGINEERING SERVICES - DISTRIBUTION,DISTRIBUTION,PUMP HOUSE,ACTR-0000305
ENGINEERING SERVICES - DISTRIBUTION,DISTRIBUTION,PUMP HOUSE,ACTR-0000306
ENGINEERING SERVICES - DISTRIBUTION,DISTRIBUTION,PUMP HOUSE,ACTR-0000307
ENGINEERING SERVICES - DISTRIBUTION,DISTRIBUTION,PUMP HOUSE,TRNF-0000031
ENGINEERING SERVICES - DISTRIBUTION,DISTRIBUTION,PUMP HOUSE,TRNF-0000032
ENGINEERING SERVICES - DISTRIBUTION,DISTRIBUTION,PUMP HOUSE,BUTV-0004509
ENGINEERING SERVICES - DISTRIBUTION,DISTRIBUTION,PUMP HOUSE,BUTV-0004510
ENGINEERING SERVICES - DISTRIBUTION,DISTRIBUTION,PUMP HOUSE,BUTV-0004511
ENGINEERING SERVICES - DISTRIBUTION,DISTRIBUTION,PUMP HOUSE,BUTV-0004512
ENGINEERING SERVICES - DISTRIBUTION,DISTRIBUTION,PUMP HOUSE,BUTV-0004513
ENGINEERING SERVICES - DISTRIBUTION,DISTRIBUTION,PUMP HOUSE,BUTV-0004514
ENGINEERING SERVICES - DISTRIBUTION,DISTRIBUTION,PUMP HOUSE,CHKV-0002214
ENGINEERING SERVICES - DISTRIBUTION,DISTRIBUTION,PUMP HOUSE,CHKV-0002215
ENGINEERING SERVICES - DISTRIBUTION,DISTRIBUTION,PUMP HOUSE,CHKV-0002216
ENGINEERING SERVICES - DISTRIBUTION,DISTRIBUTION,PUMP HOUSE,CRAN-0000242
ENGINEERING SERVICES - DISTRIBUTION,DISTRIBUTION,PUMP HOUSE,PRGG-0003105
ENGINEERING SERVICES - DISTRIBUTION,DISTRIBUTION,PUMP HOUSE,PRGG-0003106
ENGINEERING SERVICES - DISTRIBUTION,DISTRIBUTION,PUMP HOUSE,PRGG-0003107
ENGINEERING SERVICES - DISTRIBUTION,DISTRIBUTION,PUMP HOUSE,PRGG-0003108
ENGINEERING SERVICES - DISTRIBUTION,DISTRIBUTION,PUMP HOUSE,PRGG-0003109
ENGINEERING SERVICES - DISTRIBUTION,DISTRIBUTION,PUMP HOUSE,PRGG-0003110
ENGINEERING SERVICES - DISTRIBUTION,DISTRIBUTION,PUMP HOUSE,SLUV-0009349
ENGINEERING SERVICES - DISTRIBUTION,DISTRIBUTION,PUMP HOUSE,SLUV-0009350
ENGINEERING SERVICES - DISTRIBUTION,DISTRIBUTION,PUMP HOUSE,SLUV-0009351
ENGINEERING SERVICES - DISTRIBUTION,DISTRIBUTION,PUMP HOUSE,ACTR-0000054
ENGINEERING SERVICES - DISTRIBUTION,DISTRIBUTION,PUMP HOUSE,ACTR-0000055
ENGINEERING SERVICES - DISTRIBUTION,DISTRIBUTION,PUMP HOUSE,ACTR-0000056
ENGINEERING SERVICES - DISTRIBUTION,DISTRIBUTION,PUMP HOUSE,ACTR-0000057
ENGINEERING SERVICES - DISTRIBUTION,DISTRIBUTION,PUMP HOUSE,BUTV-0000476
ENGINEERING SERVICES - DISTRIBUTION,DISTRIBUTION,PUMP HOUSE,BUTV-0000477
ENGINEERING SERVICES - DISTRIBUTION,DISTRIBUTION,PUMP HOUSE,BUTV-0000478
ENGINEERING SERVICES - DISTRIBUTION,DISTRIBUTION,PUMP HOUSE,BUTV-0000479
ENGINEERING SERVICES - DISTRIBUTION,DISTRIBUTION,PUMP HOUSE,BUTV-0000480
ENGINEERING SERVICES - DISTRIBUTION,DISTRIBUTION,PUMP HOUSE,BUTV-0000481
ENGINEERING SERVICES - DISTRIBUTION,DISTRIBUTION,PUMP HOUSE,BUTV-0000482
ENGINEERING SERVICES - DISTRIBUTION,DISTRIBUTION,PUMP HOUSE,BUTV-0000483
ENGINEERING SERVICES - DISTRIBUTION,DISTRIBUTION,PUMP HOUSE,CNBL-0000379
ENGINEERING SERVICES - DISTRIBUTION,DISTRIBUTION,PUMP HOUSE,CHKV-0001044
ENGINEERING SERVICES - DISTRIBUTION,DISTRIBUTION,PUMP HOUSE,CHKV-0001045
ENGINEERING SERVICES - DISTRIBUTION,DISTRIBUTION,PUMP HOUSE,CHKV-0001046
ENGINEERING SERVICES - DISTRIBUTION,DISTRIBUTION,PUMP HOUSE,CHKV-0001047
ENGINEERING SERVICES - DISTRIBUTION,DISTRIBUTION,PUMP HOUSE,PRGG-0001873
ENGINEERING SERVICES - DISTRIBUTION,DISTRIBUTION,PUMP HOUSE,PRGG-0001874
ENGINEERING SERVICES - DISTRIBUTION,DISTRIBUTION,PUMP HOUSE,PRGG-0001875
ENGINEERING SERVICES - DISTRIBUTION,DISTRIBUTION,PUMP HOUSE,PRGG-0001876
ENGINEERING SERVICES - DISTRIBUTION,DISTRIBUTION,PUMP HOUSE,PRGG-0001877
ENGINEERING SERVICES - DISTRIBUTION,DISTRIBUTION,PUMP HOUSE,PRGG-0001878
ENGINEERING SERVICES - DISTRIBUTION,DISTRIBUTION,PUMP HOUSE,PRGG-0001879
ENGINEERING SERVICES - DISTRIBUTION,DISTRIBUTION,PUMP HOUSE,PRGG-0001880
ENGINEERING SERVICES - DISTRIBUTION,DISTRIBUTION,PUMP HOUSE,SAPV-0000279
ENGINEERING SERVICES - DISTRIBUTION,DISTRIBUTION,PUMP HOUSE,CNBL-0000357
ENGINEERING SERVICES - DISTRIBUTION,DISTRIBUTION,PUMP HOUSE,CHKV-0000966
ENGINEERING SERVICES - DISTRIBUTION,DISTRIBUTION,PUMP HOUSE,CHKV-0000967
ENGINEERING SERVICES - DISTRIBUTION,DISTRIBUTION,PUMP HOUSE,CHKV-0000968
ENGINEERING SERVICES - DISTRIBUTION,DISTRIBUTION,PUMP HOUSE,CHKV-0000969
ENGINEERING SERVICES - DISTRIBUTION,DISTRIBUTION,PUMP HOUSE,PRGG-0001717
ENGINEERING SERVICES - DISTRIBUTION,DISTRIBUTION,PUMP HOUSE,PRGG-0001718
ENGINEERING SERVICES - DISTRIBUTION,DISTRIBUTION,PUMP HOUSE,PRGG-0001719
ENGINEERING SERVICES - DISTRIBUTION,DISTRIBUTION,PUMP HOUSE,PRGG-0001720
ENGINEERING SERVICES - DISTRIBUTION,DISTRIBUTION,PUMP HOUSE,PRGG-0001721
ENGINEERING SERVICES - DISTRIBUTION,DISTRIBUTION,PUMP HOUSE,PRGG-0001722
ENGINEERING SERVICES - DISTRIBUTION,DISTRIBUTION,PUMP HOUSE,PRGG-0001723
ENGINEERING SERVICES - DISTRIBUTION,DISTRIBUTION,PUMP HOUSE,PRGG-0001724
ENGINEERING SERVICES - DISTRIBUTION,DISTRIBUTION,PUMP HOUSE,SULV-0001513
ENGINEERING SERVICES - DISTRIBUTION,DISTRIBUTION,PUMP HOUSE,SULV-0001514
ENGINEERING SERVICES - DISTRIBUTION,DISTRIBUTION,PUMP HOUSE,SULV-0001515
ENGINEERING SERVICES - DISTRIBUTION,DISTRIBUTION,PUMP HOUSE,SULV-0001516
ENGINEERING SERVICES - DISTRIBUTION,DISTRIBUTION,PUMP HOUSE,SULV-0001517
ENGINEERING SERVICES - DISTRIBUTION,DISTRIBUTION,PUMP HOUSE,SULV-0001518
ENGINEERING SERVICES - DISTRIBUTION,DISTRIBUTION,PUMP HOUSE,SULV-0001519
ENGINEERING SERVICES - DISTRIBUTION,DISTRIBUTION,PUMP HOUSE,SULV-0001520
ENGINEERING SERVICES - DISTRIBUTION,DISTRIBUTION,PUMP HOUSE,SAPV-0000258
ENGINEERING SERVICES - DISTRIBUTION,DISTRIBUTION,PUMP HOUSE,CNBL-0000389
ENGINEERING SERVICES - DISTRIBUTION,DISTRIBUTION,PUMP HOUSE,CHKV-0001073
ENGINEERING SERVICES - DISTRIBUTION,DISTRIBUTION,PUMP HOUSE,CHKV-0001074
ENGINEERING SERVICES - DISTRIBUTION,DISTRIBUTION,PUMP HOUSE,CHKV-0001075
ENGINEERING SERVICES - DISTRIBUTION,DISTRIBUTION,PUMP HOUSE,CPNL-0001067
ENGINEERING SERVICES - DISTRIBUTION,DISTRIBUTION,PUMP HOUSE,CPNL-0001068
ENGINEERING SERVICES - DISTRIBUTION,DISTRIBUTION,PUMP HOUSE,CPNL-0001069
ENGINEERING SERVICES - DISTRIBUTION,DISTRIBUTION,PUMP HOUSE,PRGG-0001934
ENGINEERING SERVICES - DISTRIBUTION,DISTRIBUTION,PUMP HOUSE,PRGG-0001931
ENGINEERING SERVICES - DISTRIBUTION,DISTRIBUTION,PUMP HOUSE,PRGG-0001932
ENGINEERING SERVICES - DISTRIBUTION,DISTRIBUTION,PUMP HOUSE,PRGG-0001933
ENGINEERING SERVICES - DISTRIBUTION,DISTRIBUTION,PUMP HOUSE,PRGG-0001935
ENGINEERING SERVICES - DISTRIBUTION,DISTRIBUTION,PUMP HOUSE,PRGG-0001936
ENGINEERING SERVICES - DISTRIBUTION,DISTRIBUTION,PUMP HOUSE,MOTR-0001082
ENGINEERING SERVICES - DISTRIBUTION,DISTRIBUTION,PUMP HOUSE,PUMP-0001083
ENGINEERING SERVICES - DISTRIBUTION,DISTRIBUTION,PUMP HOUSE,MOTR-0001083
ENGINEERING SERVICES - DISTRIBUTION,DISTRIBUTION,PUMP HOUSE,PUMP-0001084
ENGINEERING SERVICES - DISTRIBUTION,DISTRIBUTION,PUMP HOUSE,MOTR-0001084
ENGINEERING SERVICES - DISTRIBUTION,DISTRIBUTION,PUMP HOUSE,PUMP-0001085
ENGINEERING SERVICES - DISTRIBUTION,DISTRIBUTION,PUMP HOUSE,SULV-0001655
ENGINEERING SERVICES - DISTRIBUTION,DISTRIBUTION,PUMP HOUSE,SULV-0001656
ENGINEERING SERVICES - DISTRIBUTION,DISTRIBUTION,PUMP HOUSE,SULV-0001657
ENGINEERING SERVICES - DISTRIBUTION,DISTRIBUTION,PUMP HOUSE,SULV-0001658
ENGINEERING SERVICES - DISTRIBUTION,DISTRIBUTION,PUMP HOUSE,SULV-0001659
ENGINEERING SERVICES - DISTRIBUTION,DISTRIBUTION,PUMP HOUSE,SULV-0001660
ENGINEERING SERVICES - DISTRIBUTION,DISTRIBUTION,PUMP HOUSE,CNBL-0000398
ENGINEERING SERVICES - DISTRIBUTION,DISTRIBUTION,PUMP HOUSE,CHKV-0001107
ENGINEERING SERVICES - DISTRIBUTION,DISTRIBUTION,PUMP HOUSE,CHKV-0001108
ENGINEERING SERVICES - DISTRIBUTION,DISTRIBUTION,PUMP HOUSE,CHKV-0001109
ENGINEERING SERVICES - DISTRIBUTION,DISTRIBUTION,PUMP HOUSE,PRGG-0001999
ENGINEERING SERVICES - DISTRIBUTION,DISTRIBUTION,PUMP HOUSE,PRGG-0002000
ENGINEERING SERVICES - DISTRIBUTION,DISTRIBUTION,PUMP HOUSE,PRGG-0002001
ENGINEERING SERVICES - DISTRIBUTION,DISTRIBUTION,PUMP HOUSE,PRGG-0002002
ENGINEERING SERVICES - DISTRIBUTION,DISTRIBUTION,PUMP HOUSE,PRGG-0002003
ENGINEERING SERVICES - DISTRIBUTION,DISTRIBUTION,PUMP HOUSE,PRGG-0002004
ENGINEERING SERVICES - DISTRIBUTION,DISTRIBUTION,PUMP HOUSE,SULV-0001705
ENGINEERING SERVICES - DISTRIBUTION,DISTRIBUTION,PUMP HOUSE,SULV-0001706
ENGINEERING SERVICES - DISTRIBUTION,DISTRIBUTION,PUMP HOUSE,SULV-0001707
ENGINEERING SERVICES - DISTRIBUTION,DISTRIBUTION,PUMP HOUSE,SULV-0001708
ENGINEERING SERVICES - DISTRIBUTION,DISTRIBUTION,PUMP HOUSE,SULV-0001709
ENGINEERING SERVICES - DISTRIBUTION,DISTRIBUTION,PUMP HOUSE,SULV-0001710
ENGINEERING SERVICES - DISTRIBUTION,DISTRIBUTION,PUMP HOUSE,SAPV-0000298
ENGINEERING SERVICES - DISTRIBUTION,DISTRIBUTION,PUMP HOUSE,CHKV-0001088
ENGINEERING SERVICES - DISTRIBUTION,DISTRIBUTION,PUMP HOUSE,CHKV-0001089
ENGINEERING SERVICES - DISTRIBUTION,DISTRIBUTION,PUMP HOUSE,CPNL-0001082
ENGINEERING SERVICES - DISTRIBUTION,DISTRIBUTION,PUMP HOUSE,CPNL-0001083
ENGINEERING SERVICES - DISTRIBUTION,DISTRIBUTION,PUMP HOUSE,PRGG-0001961
ENGINEERING SERVICES - DISTRIBUTION,DISTRIBUTION,PUMP HOUSE,PRGG-0001962
ENGINEERING SERVICES - DISTRIBUTION,DISTRIBUTION,PUMP HOUSE,PRGG-0001963
ENGINEERING SERVICES - DISTRIBUTION,DISTRIBUTION,PUMP HOUSE,PRGG-0001964
ENGINEERING SERVICES - DISTRIBUTION,DISTRIBUTION,PUMP HOUSE,MOTR-0001097
ENGINEERING SERVICES - DISTRIBUTION,DISTRIBUTION,PUMP HOUSE,PUMP-0001098
ENGINEERING SERVICES - DISTRIBUTION,DISTRIBUTION,PUMP HOUSE,MOTR-0001098
ENGINEERING SERVICES - DISTRIBUTION,DISTRIBUTION,PUMP HOUSE,PUMP-0001099
ENGINEERING SERVICES - DISTRIBUTION,DISTRIBUTION,PUMP HOUSE,SULV-0001679
ENGINEERING SERVICES - DISTRIBUTION,DISTRIBUTION,PUMP HOUSE,SULV-0001680
ENGINEERING SERVICES - DISTRIBUTION,DISTRIBUTION,PUMP HOUSE,SULV-0001681
ENGINEERING SERVICES - DISTRIBUTION,DISTRIBUTION,PUMP HOUSE,SULV-0001682
ENGINEERING SERVICES - DISTRIBUTION,DISTRIBUTION,PUMP HOUSE,SAPV-0000292
ENGINEERING SERVICES - DISTRIBUTION,DISTRIBUTION,PUMP HOUSE,CHKV-0000984
ENGINEERING SERVICES - DISTRIBUTION,DISTRIBUTION,PUMP HOUSE,CHKV-0000985
ENGINEERING SERVICES - DISTRIBUTION,DISTRIBUTION,PUMP HOUSE,CPNL-0000978
ENGINEERING SERVICES - DISTRIBUTION,DISTRIBUTION,PUMP HOUSE,CPNL-0000979
ENGINEERING SERVICES - DISTRIBUTION,DISTRIBUTION,PUMP HOUSE,PRGG-0001753
ENGINEERING SERVICES - DISTRIBUTION,DISTRIBUTION,PUMP HOUSE,PRGG-0001754
ENGINEERING SERVICES - DISTRIBUTION,DISTRIBUTION,PUMP HOUSE,PRGG-0001755
ENGINEERING SERVICES - DISTRIBUTION,DISTRIBUTION,PUMP HOUSE,PRGG-0001756
ENGINEERING SERVICES - DISTRIBUTION,DISTRIBUTION,PUMP HOUSE,MOTR-0000993
ENGINEERING SERVICES - DISTRIBUTION,DISTRIBUTION,PUMP HOUSE,PUMP-0000994
ENGINEERING SERVICES - DISTRIBUTION,DISTRIBUTION,PUMP HOUSE,MOTR-0000994
ENGINEERING SERVICES - DISTRIBUTION,DISTRIBUTION,PUMP HOUSE,PUMP-0000995
ENGINEERING SERVICES - DISTRIBUTION,DISTRIBUTION,PUMP HOUSE,SULV-0001537
ENGINEERING SERVICES - DISTRIBUTION,DISTRIBUTION,PUMP HOUSE,SULV-0001538
ENGINEERING SERVICES - DISTRIBUTION,DISTRIBUTION,PUMP HOUSE,SULV-0001539
ENGINEERING SERVICES - DISTRIBUTION,DISTRIBUTION,PUMP HOUSE,SULV-0001540
ENGINEERING SERVICES - DISTRIBUTION,DISTRIBUTION,PUMP HOUSE,SAPV-0000264
ENGINEERING SERVICES - DISTRIBUTION,DISTRIBUTION,PUMP HOUSE,CHKV-0001011
ENGINEERING SERVICES - DISTRIBUTION,DISTRIBUTION,PUMP HOUSE,CHKV-0001012
ENGINEERING SERVICES - DISTRIBUTION,DISTRIBUTION,PUMP HOUSE,CPNL-0001005
ENGINEERING SERVICES - DISTRIBUTION,DISTRIBUTION,PUMP HOUSE,CPNL-0001006
ENGINEERING SERVICES - DISTRIBUTION,DISTRIBUTION,PUMP HOUSE,PRGG-0001807
ENGINEERING SERVICES - DISTRIBUTION,DISTRIBUTION,PUMP HOUSE,PRGG-0001808
ENGINEERING SERVICES - DISTRIBUTION,DISTRIBUTION,PUMP HOUSE,PRGG-0001809
ENGINEERING SERVICES - DISTRIBUTION,DISTRIBUTION,PUMP HOUSE,PRGG-0001810
ENGINEERING SERVICES - DISTRIBUTION,DISTRIBUTION,PUMP HOUSE,MOTR-0001020
ENGINEERING SERVICES - DISTRIBUTION,DISTRIBUTION,PUMP HOUSE,PUMP-0001021
ENGINEERING SERVICES - DISTRIBUTION,DISTRIBUTION,PUMP HOUSE,MOTR-0001021
ENGINEERING SERVICES - DISTRIBUTION,DISTRIBUTION,PUMP HOUSE,PUMP-0001022
ENGINEERING SERVICES - DISTRIBUTION,DISTRIBUTION,PUMP HOUSE,SULV-0001591
ENGINEERING SERVICES - DISTRIBUTION,DISTRIBUTION,PUMP HOUSE,SULV-0001592
ENGINEERING SERVICES - DISTRIBUTION,DISTRIBUTION,PUMP HOUSE,SULV-0001593
ENGINEERING SERVICES - DISTRIBUTION,DISTRIBUTION,PUMP HOUSE,SULV-0001594
ENGINEERING SERVICES - DISTRIBUTION,DISTRIBUTION,PUMP HOUSE,SAPV-0000271
ENGINEERING SERVICES - DISTRIBUTION,DISTRIBUTION,PUMP HOUSE,CNBL-0000368
ENGINEERING SERVICES - DISTRIBUTION,DISTRIBUTION,PUMP HOUSE,CHKV-0001005
ENGINEERING SERVICES - DISTRIBUTION,DISTRIBUTION,PUMP HOUSE,CHKV-0001006
ENGINEERING SERVICES - DISTRIBUTION,DISTRIBUTION,PUMP HOUSE,CPNL-0000999
ENGINEERING SERVICES - DISTRIBUTION,DISTRIBUTION,PUMP HOUSE,CPNL-0001000
ENGINEERING SERVICES - DISTRIBUTION,DISTRIBUTION,PUMP HOUSE,PRGG-0001795
ENGINEERING SERVICES - DISTRIBUTION,DISTRIBUTION,PUMP HOUSE,PRGG-0001796
ENGINEERING SERVICES - DISTRIBUTION,DISTRIBUTION,PUMP HOUSE,PRGG-0001797
ENGINEERING SERVICES - DISTRIBUTION,DISTRIBUTION,PUMP HOUSE,PRGG-0001798
ENGINEERING SERVICES - DISTRIBUTION,DISTRIBUTION,PUMP HOUSE,MOTR-0001014
ENGINEERING SERVICES - DISTRIBUTION,DISTRIBUTION,PUMP HOUSE,PUMP-0001015
ENGINEERING SERVICES - DISTRIBUTION,DISTRIBUTION,PUMP HOUSE,MOTR-0001015
ENGINEERING SERVICES - DISTRIBUTION,DISTRIBUTION,PUMP HOUSE,PUMP-0001016
ENGINEERING SERVICES - DISTRIBUTION,DISTRIBUTION,PUMP HOUSE,SULV-0001579
ENGINEERING SERVICES - DISTRIBUTION,DISTRIBUTION,PUMP HOUSE,SULV-0001580
ENGINEERING SERVICES - DISTRIBUTION,DISTRIBUTION,PUMP HOUSE,SULV-0001581
ENGINEERING SERVICES - DISTRIBUTION,DISTRIBUTION,PUMP HOUSE,SULV-0001582
ENGINEERING SERVICES - DISTRIBUTION,DISTRIBUTION,PUMP HOUSE,CHKV-0001030
ENGINEERING SERVICES - DISTRIBUTION,DISTRIBUTION,PUMP HOUSE,CHKV-0001031
ENGINEERING SERVICES - DISTRIBUTION,DISTRIBUTION,PUMP HOUSE,CPNL-0001024
ENGINEERING SERVICES - DISTRIBUTION,DISTRIBUTION,PUMP HOUSE,CPNL-0001025
ENGINEERING SERVICES - DISTRIBUTION,DISTRIBUTION,PUMP HOUSE,PRGG-0001845
ENGINEERING SERVICES - DISTRIBUTION,DISTRIBUTION,PUMP HOUSE,PRGG-0001846
ENGINEERING SERVICES - DISTRIBUTION,DISTRIBUTION,PUMP HOUSE,PRGG-0001847
ENGINEERING SERVICES - DISTRIBUTION,DISTRIBUTION,PUMP HOUSE,PRGG-0001848
ENGINEERING SERVICES - DISTRIBUTION,DISTRIBUTION,PUMP HOUSE,MOTR-0001039
ENGINEERING SERVICES - DISTRIBUTION,DISTRIBUTION,PUMP HOUSE,PUMP-0001040
ENGINEERING SERVICES - DISTRIBUTION,DISTRIBUTION,PUMP HOUSE,MOTR-0001040
ENGINEERING SERVICES - DISTRIBUTION,DISTRIBUTION,PUMP HOUSE,PUMP-0001041
ENGINEERING SERVICES - DISTRIBUTION,DISTRIBUTION,PUMP HOUSE,SULV-0001621
ENGINEERING SERVICES - DISTRIBUTION,DISTRIBUTION,PUMP HOUSE,SULV-0001622
ENGINEERING SERVICES - DISTRIBUTION,DISTRIBUTION,PUMP HOUSE,SULV-0001623
ENGINEERING SERVICES - DISTRIBUTION,DISTRIBUTION,PUMP HOUSE,SULV-0001624
ENGINEERING SERVICES - DISTRIBUTION,DISTRIBUTION,PUMP HOUSE,SAPV-0000275
ENGINEERING SERVICES - DISTRIBUTION,DISTRIBUTION,PUMP HOUSE,CHKV-0002225
ENGINEERING SERVICES - DISTRIBUTION,DISTRIBUTION,PUMP HOUSE,CHKV-0002226
ENGINEERING SERVICES - DISTRIBUTION,DISTRIBUTION,PUMP HOUSE,CRAN-0000257
ENGINEERING SERVICES - DISTRIBUTION,DISTRIBUTION,PUMP HOUSE,PRGG-00003199
ENGINEERING SERVICES - DISTRIBUTION,DISTRIBUTION,PUMP HOUSE,PRGG-00003200
ENGINEERING SERVICES - DISTRIBUTION,DISTRIBUTION,PUMP HOUSE,PRGG-00003201
ENGINEERING SERVICES - DISTRIBUTION,DISTRIBUTION,PUMP HOUSE,PRGG-00003202
ENGINEERING SERVICES - DISTRIBUTION,DISTRIBUTION,PUMP HOUSE,MOTR-0004110
ENGINEERING SERVICES - DISTRIBUTION,DISTRIBUTION,PUMP HOUSE,PUMP-0002210
ENGINEERING SERVICES - DISTRIBUTION,DISTRIBUTION,PUMP HOUSE,MOTR-0004111
ENGINEERING SERVICES - DISTRIBUTION,DISTRIBUTION,PUMP HOUSE,PUMP-0002211
ENGINEERING SERVICES - DISTRIBUTION,DISTRIBUTION,PUMP HOUSE,SLUV-0009379
ENGINEERING SERVICES - DISTRIBUTION,DISTRIBUTION,PUMP HOUSE,SLUV-0009380
ENGINEERING SERVICES - DISTRIBUTION,DISTRIBUTION,PUMP HOUSE,SLUV-0009381
ENGINEERING SERVICES - DISTRIBUTION,DISTRIBUTION,PUMP HOUSE,SLUV-0009382
ENGINEERING SERVICES - DISTRIBUTION,DISTRIBUTION,PUMP HOUSE,SAPV-0000407
ENGINEERING SERVICES - DISTRIBUTION,DISTRIBUTION,PUMP HOUSE,CNBL-0000383
ENGINEERING SERVICES - DISTRIBUTION,DISTRIBUTION,PUMP HOUSE,CHKV-0001058
ENGINEERING SERVICES - DISTRIBUTION,DISTRIBUTION,PUMP HOUSE,CHKV-0001059
ENGINEERING SERVICES - DISTRIBUTION,DISTRIBUTION,PUMP HOUSE,PRGG-0001901
ENGINEERING SERVICES - DISTRIBUTION,DISTRIBUTION,PUMP HOUSE,PRGG-0001902
ENGINEERING SERVICES - DISTRIBUTION,DISTRIBUTION,PUMP HOUSE,PRGG-0001903
ENGINEERING SERVICES - DISTRIBUTION,DISTRIBUTION,PUMP HOUSE,PRGG-0001904
ENGINEERING SERVICES - DISTRIBUTION,DISTRIBUTION,PUMP HOUSE,SULV-0001637
ENGINEERING SERVICES - DISTRIBUTION,DISTRIBUTION,PUMP HOUSE,SULV-0001638
ENGINEERING SERVICES - DISTRIBUTION,DISTRIBUTION,PUMP HOUSE,SULV-0001639
ENGINEERING SERVICES - DISTRIBUTION,DISTRIBUTION,PUMP HOUSE,SULV-0001640
ENGINEERING SERVICES - DISTRIBUTION,DISTRIBUTION,PUMP HOUSE,SAPV-0000284
ENGINEERING SERVICES - DISTRIBUTION,DISTRIBUTION,PUMP HOUSE,CNBL-0000384
ENGINEERING SERVICES - DISTRIBUTION,DISTRIBUTION,PUMP HOUSE,CHKV-0001060
ENGINEERING SERVICES - DISTRIBUTION,DISTRIBUTION,PUMP HOUSE,CHKV-0001061
ENGINEERING SERVICES - DISTRIBUTION,DISTRIBUTION,PUMP HOUSE,PRGG-0001905
ENGINEERING SERVICES - DISTRIBUTION,DISTRIBUTION,PUMP HOUSE,PRGG-0001906
ENGINEERING SERVICES - DISTRIBUTION,DISTRIBUTION,PUMP HOUSE,PRGG-0001907
ENGINEERING SERVICES - DISTRIBUTION,DISTRIBUTION,PUMP HOUSE,PRGG-0001908
ENGINEERING SERVICES - DISTRIBUTION,DISTRIBUTION,PUMP HOUSE,SULV-0001641
ENGINEERING SERVICES - DISTRIBUTION,DISTRIBUTION,PUMP HOUSE,SULV-0001642
ENGINEERING SERVICES - DISTRIBUTION,DISTRIBUTION,PUMP HOUSE,SULV-0001643
ENGINEERING SERVICES - DISTRIBUTION,DISTRIBUTION,PUMP HOUSE,SULV-0001644
ENGINEERING SERVICES - DISTRIBUTION,DISTRIBUTION,PUMP HOUSE,SAPV-0000285
ENGINEERING SERVICES - DISTRIBUTION,DISTRIBUTION,PUMP HOUSE,CNBL-0000360
ENGINEERING SERVICES - DISTRIBUTION,DISTRIBUTION,PUMP HOUSE,CHKV-0000976
ENGINEERING SERVICES - DISTRIBUTION,DISTRIBUTION,PUMP HOUSE,CHKV-0000977
ENGINEERING SERVICES - DISTRIBUTION,DISTRIBUTION,PUMP HOUSE,PRGG-0001737
ENGINEERING SERVICES - DISTRIBUTION,DISTRIBUTION,PUMP HOUSE,PRGG-0001738
ENGINEERING SERVICES - DISTRIBUTION,DISTRIBUTION,PUMP HOUSE,PRGG-0001739
ENGINEERING SERVICES - DISTRIBUTION,DISTRIBUTION,PUMP HOUSE,PRGG-0001740
ENGINEERING SERVICES - DISTRIBUTION,DISTRIBUTION,PUMP HOUSE,SULV-0001525
ENGINEERING SERVICES - DISTRIBUTION,DISTRIBUTION,PUMP HOUSE,SULV-0001526
ENGINEERING SERVICES - DISTRIBUTION,DISTRIBUTION,PUMP HOUSE,SULV-0001527
ENGINEERING SERVICES - DISTRIBUTION,DISTRIBUTION,PUMP HOUSE,SULV-0001528
ENGINEERING SERVICES - DISTRIBUTION,DISTRIBUTION,PUMP HOUSE,SAPV-0000261
ENGINEERING SERVICES - DISTRIBUTION,DISTRIBUTION,PUMP HOUSE,SULV-0001625
ENGINEERING SERVICES - DISTRIBUTION,DISTRIBUTION,PUMP HOUSE,SULV-0001626
ENGINEERING SERVICES - DISTRIBUTION,DISTRIBUTION,PUMP HOUSE,SULV-0001627
ENGINEERING SERVICES - DISTRIBUTION,DISTRIBUTION,PUMP HOUSE,SULV-0001628
ENGINEERING SERVICES - DISTRIBUTION,DISTRIBUTION,PUMP HOUSE,CNBL-0000377
ENGINEERING SERVICES - DISTRIBUTION,DISTRIBUTION,PUMP HOUSE,CHKV-0001036
ENGINEERING SERVICES - DISTRIBUTION,DISTRIBUTION,PUMP HOUSE,CHKV-0001037
ENGINEERING SERVICES - DISTRIBUTION,DISTRIBUTION,PUMP HOUSE,PRGG-0001857
ENGINEERING SERVICES - DISTRIBUTION,DISTRIBUTION,PUMP HOUSE,PRGG-0001858
ENGINEERING SERVICES - DISTRIBUTION,DISTRIBUTION,PUMP HOUSE,PRGG-0001859
ENGINEERING SERVICES - DISTRIBUTION,DISTRIBUTION,PUMP HOUSE,PRGG-0001860
ENGINEERING SERVICES - DISTRIBUTION,DISTRIBUTION,PUMP HOUSE,SAPV-0000277
ENGINEERING SERVICES - DISTRIBUTION,DISTRIBUTION,PUMP HOUSE,ACTR-0000033
ENGINEERING SERVICES - DISTRIBUTION,DISTRIBUTION,PUMP HOUSE,ACTR-0000034
ENGINEERING SERVICES - DISTRIBUTION,DISTRIBUTION,PUMP HOUSE,ACTR-0000035
ENGINEERING SERVICES - DISTRIBUTION,DISTRIBUTION,PUMP HOUSE,BUTV-0000422
ENGINEERING SERVICES - DISTRIBUTION,DISTRIBUTION,PUMP HOUSE,BUTV-0000423
ENGINEERING SERVICES - DISTRIBUTION,DISTRIBUTION,PUMP HOUSE,BUTV-0000424
ENGINEERING SERVICES - DISTRIBUTION,DISTRIBUTION,PUMP HOUSE,BUTV-0000425
ENGINEERING SERVICES - DISTRIBUTION,DISTRIBUTION,PUMP HOUSE,BUTV-0000426
ENGINEERING SERVICES - DISTRIBUTION,DISTRIBUTION,PUMP HOUSE,BUTV-0000427
ENGINEERING SERVICES - DISTRIBUTION,DISTRIBUTION,PUMP HOUSE,CHKV-0000957
ENGINEERING SERVICES - DISTRIBUTION,DISTRIBUTION,PUMP HOUSE,CHKV-0000958
ENGINEERING SERVICES - DISTRIBUTION,DISTRIBUTION,PUMP HOUSE,CHKV-0000959
ENGINEERING SERVICES - DISTRIBUTION,DISTRIBUTION,PUMP HOUSE,COMP-0000072
ENGINEERING SERVICES - DISTRIBUTION,DISTRIBUTION,PUMP HOUSE,COMP-0000073
ENGINEERING SERVICES - DISTRIBUTION,DISTRIBUTION,PUMP HOUSE,COMP-0000081
ENGINEERING SERVICES - DISTRIBUTION,DISTRIBUTION,PUMP HOUSE,PRGG-0001699
ENGINEERING SERVICES - DISTRIBUTION,DISTRIBUTION,PUMP HOUSE,PRGG-0001700
ENGINEERING SERVICES - DISTRIBUTION,DISTRIBUTION,PUMP HOUSE,PRGG-0001701
ENGINEERING SERVICES - DISTRIBUTION,DISTRIBUTION,PUMP HOUSE,PRGG-0001702
ENGINEERING SERVICES - DISTRIBUTION,DISTRIBUTION,PUMP HOUSE,PRGG-0001703
ENGINEERING SERVICES - DISTRIBUTION,DISTRIBUTION,PUMP HOUSE,PRGG-0001704
ENGINEERING SERVICES - DISTRIBUTION,DISTRIBUTION,PUMP HOUSE,SURV-0000008
ENGINEERING SERVICES - DISTRIBUTION,DISTRIBUTION,PUMP HOUSE,ACTR-0000036
ENGINEERING SERVICES - DISTRIBUTION,DISTRIBUTION,PUMP HOUSE,ACTR-0000037
ENGINEERING SERVICES - DISTRIBUTION,DISTRIBUTION,PUMP HOUSE,ACTR-0000038
ENGINEERING SERVICES - DISTRIBUTION,DISTRIBUTION,PUMP HOUSE,ACTR-0000039
ENGINEERING SERVICES - DISTRIBUTION,DISTRIBUTION,PUMP HOUSE,ACTR-0000040
ENGINEERING SERVICES - DISTRIBUTION,DISTRIBUTION,PUMP HOUSE,ACTR-0000041
ENGINEERING SERVICES - DISTRIBUTION,DISTRIBUTION,PUMP HOUSE,ACTR-0000042
ENGINEERING SERVICES - DISTRIBUTION,DISTRIBUTION,PUMP HOUSE,ACTR-0000043
ENGINEERING SERVICES - DISTRIBUTION,DISTRIBUTION,PUMP HOUSE,BUTV-0000428
ENGINEERING SERVICES - DISTRIBUTION,DISTRIBUTION,PUMP HOUSE,BUTV-0000429
ENGINEERING SERVICES - DISTRIBUTION,DISTRIBUTION,PUMP HOUSE,BUTV-0000430
ENGINEERING SERVICES - DISTRIBUTION,DISTRIBUTION,PUMP HOUSE,BUTV-0000431
ENGINEERING SERVICES - DISTRIBUTION,DISTRIBUTION,PUMP HOUSE,BUTV-0000432
ENGINEERING SERVICES - DISTRIBUTION,DISTRIBUTION,PUMP HOUSE,BUTV-0000433
ENGINEERING SERVICES - DISTRIBUTION,DISTRIBUTION,PUMP HOUSE,BUTV-0000434
ENGINEERING SERVICES - DISTRIBUTION,DISTRIBUTION,PUMP HOUSE,BUTV-0000435
ENGINEERING SERVICES - DISTRIBUTION,DISTRIBUTION,PUMP HOUSE,CHKV-0000960
ENGINEERING SERVICES - DISTRIBUTION,DISTRIBUTION,PUMP HOUSE,CHKV-0000961
ENGINEERING SERVICES - DISTRIBUTION,DISTRIBUTION,PUMP HOUSE,CHKV-0000962
ENGINEERING SERVICES - DISTRIBUTION,DISTRIBUTION,PUMP HOUSE,CHKV-0000963
ENGINEERING SERVICES - DISTRIBUTION,DISTRIBUTION,PUMP HOUSE,COMP-0000074
ENGINEERING SERVICES - DISTRIBUTION,DISTRIBUTION,PUMP HOUSE,COMP-0000075
ENGINEERING SERVICES - DISTRIBUTION,DISTRIBUTION,PUMP HOUSE,COMP-0000082
ENGINEERING SERVICES - DISTRIBUTION,DISTRIBUTION,PUMP HOUSE,PRGG-0001705
ENGINEERING SERVICES - DISTRIBUTION,DISTRIBUTION,PUMP HOUSE,PRGG-0001706
ENGINEERING SERVICES - DISTRIBUTION,DISTRIBUTION,PUMP HOUSE,PRGG-0001707
ENGINEERING SERVICES - DISTRIBUTION,DISTRIBUTION,PUMP HOUSE,PRGG-0001708
ENGINEERING SERVICES - DISTRIBUTION,DISTRIBUTION,PUMP HOUSE,PRGG-0001709
ENGINEERING SERVICES - DISTRIBUTION,DISTRIBUTION,PUMP HOUSE,PRGG-0001710
ENGINEERING SERVICES - DISTRIBUTION,DISTRIBUTION,PUMP HOUSE,PRGG-0001711
ENGINEERING SERVICES - DISTRIBUTION,DISTRIBUTION,PUMP HOUSE,PRGG-0001712
ENGINEERING SERVICES - DISTRIBUTION,DISTRIBUTION,PUMP HOUSE,SURV-0000009
ENGINEERING SERVICES - DISTRIBUTION,DISTRIBUTION,PUMP HOUSE,BUTV-0000514
ENGINEERING SERVICES - DISTRIBUTION,DISTRIBUTION,PUMP HOUSE,BUTV-0000515
ENGINEERING SERVICES - DISTRIBUTION,DISTRIBUTION,PUMP HOUSE,BUTV-0000516
ENGINEERING SERVICES - DISTRIBUTION,DISTRIBUTION,PUMP HOUSE,BUTV-0000517
ENGINEERING SERVICES - DISTRIBUTION,DISTRIBUTION,PUMP HOUSE,BUTV-0000518
ENGINEERING SERVICES - DISTRIBUTION,DISTRIBUTION,PUMP HOUSE,BUTV-0000519
ENGINEERING SERVICES - DISTRIBUTION,DISTRIBUTION,PUMP HOUSE,BUTV-0000520
ENGINEERING SERVICES - DISTRIBUTION,DISTRIBUTION,PUMP HOUSE,BUTV-0000521
ENGINEERING SERVICES - DISTRIBUTION,DISTRIBUTION,PUMP HOUSE,CNBL-0000395
ENGINEERING SERVICES - DISTRIBUTION,DISTRIBUTION,PUMP HOUSE,CHKV-0001097
ENGINEERING SERVICES - DISTRIBUTION,DISTRIBUTION,PUMP HOUSE,CHKV-0001098
ENGINEERING SERVICES - DISTRIBUTION,DISTRIBUTION,PUMP HOUSE,CHKV-0001099
ENGINEERING SERVICES - DISTRIBUTION,DISTRIBUTION,PUMP HOUSE,CHKV-0001100
ENGINEERING SERVICES - DISTRIBUTION,DISTRIBUTION,PUMP HOUSE,PRGG-0001986
ENGINEERING SERVICES - DISTRIBUTION,DISTRIBUTION,PUMP HOUSE,PRGG-0001979
ENGINEERING SERVICES - DISTRIBUTION,DISTRIBUTION,PUMP HOUSE,PRGG-0001980
ENGINEERING SERVICES - DISTRIBUTION,DISTRIBUTION,PUMP HOUSE,PRGG-0001981
ENGINEERING SERVICES - DISTRIBUTION,DISTRIBUTION,PUMP HOUSE,PRGG-0001982
ENGINEERING SERVICES - DISTRIBUTION,DISTRIBUTION,PUMP HOUSE,PRGG-0001983
ENGINEERING SERVICES - DISTRIBUTION,DISTRIBUTION,PUMP HOUSE,PRGG-0001984
ENGINEERING SERVICES - DISTRIBUTION,DISTRIBUTION,PUMP HOUSE,PRGG-0001985
ENGINEERING SERVICES - DISTRIBUTION,DISTRIBUTION,PUMP HOUSE,SAPV-0000295
ENGINEERING SERVICES - DISTRIBUTION,DISTRIBUTION,PUMP HOUSE,CNBL-0000356
ENGINEERING SERVICES - DISTRIBUTION,DISTRIBUTION,PUMP HOUSE,CHKV-0000964
ENGINEERING SERVICES - DISTRIBUTION,DISTRIBUTION,PUMP HOUSE,CHKV-0000965
ENGINEERING SERVICES - DISTRIBUTION,DISTRIBUTION,PUMP HOUSE,CPNL-0000958
ENGINEERING SERVICES - DISTRIBUTION,DISTRIBUTION,PUMP HOUSE,CPNL-0000959
ENGINEERING SERVICES - DISTRIBUTION,DISTRIBUTION,PUMP HOUSE,PRGG-0001713
ENGINEERING SERVICES - DISTRIBUTION,DISTRIBUTION,PUMP HOUSE,PRGG-0001714
ENGINEERING SERVICES - DISTRIBUTION,DISTRIBUTION,PUMP HOUSE,PRGG-0001715
ENGINEERING SERVICES - DISTRIBUTION,DISTRIBUTION,PUMP HOUSE,PRGG-0001716
ENGINEERING SERVICES - DISTRIBUTION,DISTRIBUTION,PUMP HOUSE,MOTR-0000973
ENGINEERING SERVICES - DISTRIBUTION,DISTRIBUTION,PUMP HOUSE,PUMP-0000974
ENGINEERING SERVICES - DISTRIBUTION,DISTRIBUTION,PUMP HOUSE,MOTR-0000974
ENGINEERING SERVICES - DISTRIBUTION,DISTRIBUTION,PUMP HOUSE,PUMP-0000975
ENGINEERING SERVICES - DISTRIBUTION,DISTRIBUTION,PUMP HOUSE,SULV-0001509
ENGINEERING SERVICES - DISTRIBUTION,DISTRIBUTION,PUMP HOUSE,SULV-0001510
ENGINEERING SERVICES - DISTRIBUTION,DISTRIBUTION,PUMP HOUSE,SULV-0001511
ENGINEERING SERVICES - DISTRIBUTION,DISTRIBUTION,PUMP HOUSE,SULV-0001512
ENGINEERING SERVICES - DISTRIBUTION,DISTRIBUTION,PUMP HOUSE,SAPV-0000257
ENGINEERING SERVICES - DISTRIBUTION,DISTRIBUTION,PUMP HOUSE,CHKV-0002227
ENGINEERING SERVICES - DISTRIBUTION,DISTRIBUTION,PUMP HOUSE,CHKV-0002228
ENGINEERING SERVICES - DISTRIBUTION,DISTRIBUTION,PUMP HOUSE,PRGG-00003203
ENGINEERING SERVICES - DISTRIBUTION,DISTRIBUTION,PUMP HOUSE,PRGG-00003204
ENGINEERING SERVICES - DISTRIBUTION,DISTRIBUTION,PUMP HOUSE,PRGG-00003205
ENGINEERING SERVICES - DISTRIBUTION,DISTRIBUTION,PUMP HOUSE,PRGG-00003206
ENGINEERING SERVICES - DISTRIBUTION,DISTRIBUTION,PUMP HOUSE,MOTR-0004112
ENGINEERING SERVICES - DISTRIBUTION,DISTRIBUTION,PUMP HOUSE,PUMP-0002212
ENGINEERING SERVICES - DISTRIBUTION,DISTRIBUTION,PUMP HOUSE,MOTR-0004113
ENGINEERING SERVICES - DISTRIBUTION,DISTRIBUTION,PUMP HOUSE,PUMP-0002213
ENGINEERING SERVICES - DISTRIBUTION,DISTRIBUTION,PUMP HOUSE,SLUV-0009383
ENGINEERING SERVICES - DISTRIBUTION,DISTRIBUTION,PUMP HOUSE,SLUV-0009384
ENGINEERING SERVICES - DISTRIBUTION,DISTRIBUTION,PUMP HOUSE,SLUV-0009385
ENGINEERING SERVICES - DISTRIBUTION,DISTRIBUTION,PUMP HOUSE,SLUV-0009386
ENGINEERING SERVICES - DISTRIBUTION,DISTRIBUTION,PUMP HOUSE,CHKV-0001092
ENGINEERING SERVICES - DISTRIBUTION,DISTRIBUTION,PUMP HOUSE,CHKV-0001093
ENGINEERING SERVICES - DISTRIBUTION,DISTRIBUTION,PUMP HOUSE,CHKV-0001094
ENGINEERING SERVICES - DISTRIBUTION,DISTRIBUTION,PUMP HOUSE,COMP-0000080
ENGINEERING SERVICES - DISTRIBUTION,DISTRIBUTION,PUMP HOUSE,PRGG-0001969
ENGINEERING SERVICES - DISTRIBUTION,DISTRIBUTION,PUMP HOUSE,PRGG-0001970
ENGINEERING SERVICES - DISTRIBUTION,DISTRIBUTION,PUMP HOUSE,PRGG-0001971
ENGINEERING SERVICES - DISTRIBUTION,DISTRIBUTION,PUMP HOUSE,PRGG-0001972
ENGINEERING SERVICES - DISTRIBUTION,DISTRIBUTION,PUMP HOUSE,PRGG-0001973
ENGINEERING SERVICES - DISTRIBUTION,DISTRIBUTION,PUMP HOUSE,PRGG-0001974
ENGINEERING SERVICES - DISTRIBUTION,DISTRIBUTION,PUMP HOUSE,SULV-0001687
ENGINEERING SERVICES - DISTRIBUTION,DISTRIBUTION,PUMP HOUSE,SULV-0001688
ENGINEERING SERVICES - DISTRIBUTION,DISTRIBUTION,PUMP HOUSE,SULV-0001689
ENGINEERING SERVICES - DISTRIBUTION,DISTRIBUTION,PUMP HOUSE,SULV-0001690
ENGINEERING SERVICES - DISTRIBUTION,DISTRIBUTION,PUMP HOUSE,SULV-0001691
ENGINEERING SERVICES - DISTRIBUTION,DISTRIBUTION,PUMP HOUSE,SULV-0001692
ENGINEERING SERVICES - DISTRIBUTION,DISTRIBUTION,PUMP HOUSE,SURV-0000013
ENGINEERING SERVICES - DISTRIBUTION,DISTRIBUTION,PUMP HOUSE,CNBL-0000391
ENGINEERING SERVICES - DISTRIBUTION,DISTRIBUTION,PUMP HOUSE,CHKV-0001078
ENGINEERING SERVICES - DISTRIBUTION,DISTRIBUTION,PUMP HOUSE,CHKV-0001079
ENGINEERING SERVICES - DISTRIBUTION,DISTRIBUTION,PUMP HOUSE,CPNL-0001072
ENGINEERING SERVICES - DISTRIBUTION,DISTRIBUTION,PUMP HOUSE,CPNL-0001073
ENGINEERING SERVICES - DISTRIBUTION,DISTRIBUTION,PUMP HOUSE,PRGG-0001941
ENGINEERING SERVICES - DISTRIBUTION,DISTRIBUTION,PUMP HOUSE,PRGG-0001942
ENGINEERING SERVICES - DISTRIBUTION,DISTRIBUTION,PUMP HOUSE,PRGG-0001943
ENGINEERING SERVICES - DISTRIBUTION,DISTRIBUTION,PUMP HOUSE,PRGG-0001944
ENGINEERING SERVICES - DISTRIBUTION,DISTRIBUTION,PUMP HOUSE,MOTR-0001087
ENGINEERING SERVICES - DISTRIBUTION,DISTRIBUTION,PUMP HOUSE,PUMP-0001088
ENGINEERING SERVICES - DISTRIBUTION,DISTRIBUTION,PUMP HOUSE,MOTR-0001088
ENGINEERING SERVICES - DISTRIBUTION,DISTRIBUTION,PUMP HOUSE,PUMP-0001089
ENGINEERING SERVICES - DISTRIBUTION,DISTRIBUTION,PUMP HOUSE,SULV-0001665
ENGINEERING SERVICES - DISTRIBUTION,DISTRIBUTION,PUMP HOUSE,SULV-0001666
ENGINEERING SERVICES - DISTRIBUTION,DISTRIBUTION,PUMP HOUSE,SULV-0001667
ENGINEERING SERVICES - DISTRIBUTION,DISTRIBUTION,PUMP HOUSE,SULV-0001668
ENGINEERING SERVICES - DISTRIBUTION,DISTRIBUTION,PUMP HOUSE,SAPV-0000289
ENGINEERING SERVICES - DISTRIBUTION,DISTRIBUTION,PUMP HOUSE,CHKV-0001056
ENGINEERING SERVICES - DISTRIBUTION,DISTRIBUTION,PUMP HOUSE,CHKV-0001057
ENGINEERING SERVICES - DISTRIBUTION,DISTRIBUTION,PUMP HOUSE,CPNL-0001050
ENGINEERING SERVICES - DISTRIBUTION,DISTRIBUTION,PUMP HOUSE,CPNL-0001051
ENGINEERING SERVICES - DISTRIBUTION,DISTRIBUTION,PUMP HOUSE,PRGG-0001897
ENGINEERING SERVICES - DISTRIBUTION,DISTRIBUTION,PUMP HOUSE,PRGG-0001898
ENGINEERING SERVICES - DISTRIBUTION,DISTRIBUTION,PUMP HOUSE,PRGG-0001899
ENGINEERING SERVICES - DISTRIBUTION,DISTRIBUTION,PUMP HOUSE,PRGG-0001900
ENGINEERING SERVICES - DISTRIBUTION,DISTRIBUTION,PUMP HOUSE,MOTR-0001065
ENGINEERING SERVICES - DISTRIBUTION,DISTRIBUTION,PUMP HOUSE,PUMP-0001066
ENGINEERING SERVICES - DISTRIBUTION,DISTRIBUTION,PUMP HOUSE,MOTR-0001066
ENGINEERING SERVICES - DISTRIBUTION,DISTRIBUTION,PUMP HOUSE,PUMP-0001067
ENGINEERING SERVICES - DISTRIBUTION,DISTRIBUTION,PUMP HOUSE,SULV-0001633
ENGINEERING SERVICES - DISTRIBUTION,DISTRIBUTION,PUMP HOUSE,SULV-0001634
ENGINEERING SERVICES - DISTRIBUTION,DISTRIBUTION,PUMP HOUSE,SULV-0001635
ENGINEERING SERVICES - DISTRIBUTION,DISTRIBUTION,PUMP HOUSE,SULV-0001636
ENGINEERING SERVICES - DISTRIBUTION,DISTRIBUTION,PUMP HOUSE,SAPV-0000283
ENGINEERING SERVICES - DISTRIBUTION,DISTRIBUTION,PUMP HOUSE,BUTV-0000488
ENGINEERING SERVICES - DISTRIBUTION,DISTRIBUTION,PUMP HOUSE,BUTV-0000489
ENGINEERING SERVICES - DISTRIBUTION,DISTRIBUTION,PUMP HOUSE,BUTV-0000490
ENGINEERING SERVICES - DISTRIBUTION,DISTRIBUTION,PUMP HOUSE,BUTV-0000491
ENGINEERING SERVICES - DISTRIBUTION,DISTRIBUTION,PUMP HOUSE,BUTV-0000492
ENGINEERING SERVICES - DISTRIBUTION,DISTRIBUTION,PUMP HOUSE,BUTV-0000493
ENGINEERING SERVICES - DISTRIBUTION,DISTRIBUTION,PUMP HOUSE,BUTV-0000494
ENGINEERING SERVICES - DISTRIBUTION,DISTRIBUTION,PUMP HOUSE,BUTV-0000495
ENGINEERING SERVICES - DISTRIBUTION,DISTRIBUTION,PUMP HOUSE,CNBL-0000382
ENGINEERING SERVICES - DISTRIBUTION,DISTRIBUTION,PUMP HOUSE,CHKV-0001052
ENGINEERING SERVICES - DISTRIBUTION,DISTRIBUTION,PUMP HOUSE,CHKV-0001053
ENGINEERING SERVICES - DISTRIBUTION,DISTRIBUTION,PUMP HOUSE,CHKV-0001054
ENGINEERING SERVICES - DISTRIBUTION,DISTRIBUTION,PUMP HOUSE,CHKV-0001055
ENGINEERING SERVICES - DISTRIBUTION,DISTRIBUTION,PUMP HOUSE,PRGG-0001889
ENGINEERING SERVICES - DISTRIBUTION,DISTRIBUTION,PUMP HOUSE,PRGG-0001890
ENGINEERING SERVICES - DISTRIBUTION,DISTRIBUTION,PUMP HOUSE,PRGG-0001891
ENGINEERING SERVICES - DISTRIBUTION,DISTRIBUTION,PUMP HOUSE,PRGG-0001892
ENGINEERING SERVICES - DISTRIBUTION,DISTRIBUTION,PUMP HOUSE,PRGG-0001893
ENGINEERING SERVICES - DISTRIBUTION,DISTRIBUTION,PUMP HOUSE,PRGG-0001894
ENGINEERING SERVICES - DISTRIBUTION,DISTRIBUTION,PUMP HOUSE,PRGG-0001895
ENGINEERING SERVICES - DISTRIBUTION,DISTRIBUTION,PUMP HOUSE,PRGG-0001896
ENGINEERING SERVICES - DISTRIBUTION,DISTRIBUTION,PUMP HOUSE,SAPV-0000282
ENGINEERING SERVICES - DISTRIBUTION,DISTRIBUTION,PUMP HOUSE,ACTR-0000044
ENGINEERING SERVICES - DISTRIBUTION,DISTRIBUTION,PUMP HOUSE,ACTR-0000045
ENGINEERING SERVICES - DISTRIBUTION,DISTRIBUTION,PUMP HOUSE,ACTR-0000046
ENGINEERING SERVICES - DISTRIBUTION,DISTRIBUTION,PUMP HOUSE,ACTR-0000047
ENGINEERING SERVICES - DISTRIBUTION,DISTRIBUTION,PUMP HOUSE,BUTV-0000448
ENGINEERING SERVICES - DISTRIBUTION,DISTRIBUTION,PUMP HOUSE,BUTV-0000449
ENGINEERING SERVICES - DISTRIBUTION,DISTRIBUTION,PUMP HOUSE,BUTV-0000451
ENGINEERING SERVICES - DISTRIBUTION,DISTRIBUTION,PUMP HOUSE,BUTV-0000452
ENGINEERING SERVICES - DISTRIBUTION,DISTRIBUTION,PUMP HOUSE,BUTV-0000453
ENGINEERING SERVICES - DISTRIBUTION,DISTRIBUTION,PUMP HOUSE,BUTV-0000454
ENGINEERING SERVICES - DISTRIBUTION,DISTRIBUTION,PUMP HOUSE,BUTV-0000455
ENGINEERING SERVICES - DISTRIBUTION,DISTRIBUTION,PUMP HOUSE,CNBL-0000374
ENGINEERING SERVICES - DISTRIBUTION,DISTRIBUTION,PUMP HOUSE,CHKV-0001024
ENGINEERING SERVICES - DISTRIBUTION,DISTRIBUTION,PUMP HOUSE,CHKV-0001025
ENGINEERING SERVICES - DISTRIBUTION,DISTRIBUTION,PUMP HOUSE,CHKV-0001026
ENGINEERING SERVICES - DISTRIBUTION,DISTRIBUTION,PUMP HOUSE,CHKV-0001027
ENGINEERING SERVICES - DISTRIBUTION,DISTRIBUTION,PUMP HOUSE,PRGG-0001833
ENGINEERING SERVICES - DISTRIBUTION,DISTRIBUTION,PUMP HOUSE,PRGG-0001834
ENGINEERING SERVICES - DISTRIBUTION,DISTRIBUTION,PUMP HOUSE,PRGG-0001835
ENGINEERING SERVICES - DISTRIBUTION,DISTRIBUTION,PUMP HOUSE,PRGG-0001836
ENGINEERING SERVICES - DISTRIBUTION,DISTRIBUTION,PUMP HOUSE,PRGG-0001837
ENGINEERING SERVICES - DISTRIBUTION,DISTRIBUTION,PUMP HOUSE,PRGG-0001838
ENGINEERING SERVICES - DISTRIBUTION,DISTRIBUTION,PUMP HOUSE,PRGG-0001839
ENGINEERING SERVICES - DISTRIBUTION,DISTRIBUTION,PUMP HOUSE,PRGG-0001840
ENGINEERING SERVICES - DISTRIBUTION,DISTRIBUTION,PUMP HOUSE,BUTV-0000450
ENGINEERING SERVICES - DISTRIBUTION,DISTRIBUTION,PUMP HOUSE,CNBL-0000371
ENGINEERING SERVICES - DISTRIBUTION,DISTRIBUTION,PUMP HOUSE,CHKV-0001018
ENGINEERING SERVICES - DISTRIBUTION,DISTRIBUTION,PUMP HOUSE,CHKV-0001019
ENGINEERING SERVICES - DISTRIBUTION,DISTRIBUTION,PUMP HOUSE,COMP-0000077
ENGINEERING SERVICES - DISTRIBUTION,DISTRIBUTION,PUMP HOUSE,PRGG-0001821
ENGINEERING SERVICES - DISTRIBUTION,DISTRIBUTION,PUMP HOUSE,PRGG-0001822
ENGINEERING SERVICES - DISTRIBUTION,DISTRIBUTION,PUMP HOUSE,PRGG-0001823
ENGINEERING SERVICES - DISTRIBUTION,DISTRIBUTION,PUMP HOUSE,PRGG-0001824
ENGINEERING SERVICES - DISTRIBUTION,DISTRIBUTION,PUMP HOUSE,SULV-0001605
ENGINEERING SERVICES - DISTRIBUTION,DISTRIBUTION,PUMP HOUSE,SULV-0001606
ENGINEERING SERVICES - DISTRIBUTION,DISTRIBUTION,PUMP HOUSE,SULV-0001607
ENGINEERING SERVICES - DISTRIBUTION,DISTRIBUTION,PUMP HOUSE,SULV-0001608
ENGINEERING SERVICES - DISTRIBUTION,DISTRIBUTION,PUMP HOUSE,SURV-0000011
ENGINEERING SERVICES - DISTRIBUTION,DISTRIBUTION,PUMP HOUSE,ACTR-0000048
ENGINEERING SERVICES - DISTRIBUTION,DISTRIBUTION,PUMP HOUSE,ACTR-0000049
ENGINEERING SERVICES - DISTRIBUTION,DISTRIBUTION,PUMP HOUSE,BUTV-0000464
ENGINEERING SERVICES - DISTRIBUTION,DISTRIBUTION,PUMP HOUSE,BUTV-0000465
ENGINEERING SERVICES - DISTRIBUTION,DISTRIBUTION,PUMP HOUSE,BUTV-0000466
ENGINEERING SERVICES - DISTRIBUTION,DISTRIBUTION,PUMP HOUSE,BUTV-0000467
ENGINEERING SERVICES - DISTRIBUTION,DISTRIBUTION,PUMP HOUSE,CNBL-0000378
ENGINEERING SERVICES - DISTRIBUTION,DISTRIBUTION,PUMP HOUSE,CHKV-0001038
ENGINEERING SERVICES - DISTRIBUTION,DISTRIBUTION,PUMP HOUSE,CHKV-0001039
ENGINEERING SERVICES - DISTRIBUTION,DISTRIBUTION,PUMP HOUSE,CPNL-0001032
ENGINEERING SERVICES - DISTRIBUTION,DISTRIBUTION,PUMP HOUSE,CPNL-0001033
ENGINEERING SERVICES - DISTRIBUTION,DISTRIBUTION,PUMP HOUSE,PRGG-0001861
ENGINEERING SERVICES - DISTRIBUTION,DISTRIBUTION,PUMP HOUSE,PRGG-0001862
ENGINEERING SERVICES - DISTRIBUTION,DISTRIBUTION,PUMP HOUSE,PRGG-0001863
ENGINEERING SERVICES - DISTRIBUTION,DISTRIBUTION,PUMP HOUSE,PRGG-0001864
ENGINEERING SERVICES - DISTRIBUTION,DISTRIBUTION,PUMP HOUSE,MOTR-0001047
ENGINEERING SERVICES - DISTRIBUTION,DISTRIBUTION,PUMP HOUSE,PUMP-0001048
ENGINEERING SERVICES - DISTRIBUTION,DISTRIBUTION,PUMP HOUSE,MOTR-0001048
ENGINEERING SERVICES - DISTRIBUTION,DISTRIBUTION,PUMP HOUSE,PUMP-0001049
ENGINEERING SERVICES - DISTRIBUTION,DISTRIBUTION,PUMP HOUSE,SAPV-0000278
ENGINEERING SERVICES - DISTRIBUTION,DISTRIBUTION,PUMP HOUSE,ACTR-0000058
ENGINEERING SERVICES - DISTRIBUTION,DISTRIBUTION,PUMP HOUSE,ACTR-0000059
ENGINEERING SERVICES - DISTRIBUTION,DISTRIBUTION,PUMP HOUSE,ACTR-0000060
ENGINEERING SERVICES - DISTRIBUTION,DISTRIBUTION,PUMP HOUSE,BUTV-0000508
ENGINEERING SERVICES - DISTRIBUTION,DISTRIBUTION,PUMP HOUSE,BUTV-0000509
ENGINEERING SERVICES - DISTRIBUTION,DISTRIBUTION,PUMP HOUSE,BUTV-0000510
ENGINEERING SERVICES - DISTRIBUTION,DISTRIBUTION,PUMP HOUSE,BUTV-0000511
ENGINEERING SERVICES - DISTRIBUTION,DISTRIBUTION,PUMP HOUSE,BUTV-0000512
ENGINEERING SERVICES - DISTRIBUTION,DISTRIBUTION,PUMP HOUSE,BUTV-0000513
ENGINEERING SERVICES - DISTRIBUTION,DISTRIBUTION,PUMP HOUSE,CNBL-0000393
ENGINEERING SERVICES - DISTRIBUTION,DISTRIBUTION,PUMP HOUSE,CHKV-0001085
ENGINEERING SERVICES - DISTRIBUTION,DISTRIBUTION,PUMP HOUSE,CHKV-0001086
ENGINEERING SERVICES - DISTRIBUTION,DISTRIBUTION,PUMP HOUSE,CHKV-0001087
ENGINEERING SERVICES - DISTRIBUTION,DISTRIBUTION,PUMP HOUSE,PRGG-0001955
ENGINEERING SERVICES - DISTRIBUTION,DISTRIBUTION,PUMP HOUSE,PRGG-0001956
ENGINEERING SERVICES - DISTRIBUTION,DISTRIBUTION,PUMP HOUSE,PRGG-0001957
ENGINEERING SERVICES - DISTRIBUTION,DISTRIBUTION,PUMP HOUSE,PRGG-0001958
ENGINEERING SERVICES - DISTRIBUTION,DISTRIBUTION,PUMP HOUSE,PRGG-0001959
ENGINEERING SERVICES - DISTRIBUTION,DISTRIBUTION,PUMP HOUSE,PRGG-0001960
ENGINEERING SERVICES - DISTRIBUTION,DISTRIBUTION,PUMP HOUSE,SAPV-0000291
ENGINEERING SERVICES - DISTRIBUTION,DISTRIBUTION,PUMP HOUSE,CNBL-0000370
ENGINEERING SERVICES - DISTRIBUTION,DISTRIBUTION,PUMP HOUSE,CHKV-0001015
ENGINEERING SERVICES - DISTRIBUTION,DISTRIBUTION,PUMP HOUSE,CHKV-0001016
ENGINEERING SERVICES - DISTRIBUTION,DISTRIBUTION,PUMP HOUSE,CHKV-0001017
ENGINEERING SERVICES - DISTRIBUTION,DISTRIBUTION,PUMP HOUSE,COMP-0000076
ENGINEERING SERVICES - DISTRIBUTION,DISTRIBUTION,PUMP HOUSE,PRGG-0001815
ENGINEERING SERVICES - DISTRIBUTION,DISTRIBUTION,PUMP HOUSE,PRGG-0001816
ENGINEERING SERVICES - DISTRIBUTION,DISTRIBUTION,PUMP HOUSE,PRGG-0001817
ENGINEERING SERVICES - DISTRIBUTION,DISTRIBUTION,PUMP HOUSE,PRGG-0001818
ENGINEERING SERVICES - DISTRIBUTION,DISTRIBUTION,PUMP HOUSE,PRGG-0001819
ENGINEERING SERVICES - DISTRIBUTION,DISTRIBUTION,PUMP HOUSE,PRGG-0001820
ENGINEERING SERVICES - DISTRIBUTION,DISTRIBUTION,PUMP HOUSE,SULV-0001599
ENGINEERING SERVICES - DISTRIBUTION,DISTRIBUTION,PUMP HOUSE,SULV-0001600
ENGINEERING SERVICES - DISTRIBUTION,DISTRIBUTION,PUMP HOUSE,SULV-0001601
ENGINEERING SERVICES - DISTRIBUTION,DISTRIBUTION,PUMP HOUSE,SULV-0001602
ENGINEERING SERVICES - DISTRIBUTION,DISTRIBUTION,PUMP HOUSE,SULV-0001603
ENGINEERING SERVICES - DISTRIBUTION,DISTRIBUTION,PUMP HOUSE,SULV-0001604
ENGINEERING SERVICES - DISTRIBUTION,DISTRIBUTION,PUMP HOUSE,SURV-0000010
ENGINEERING SERVICES - DISTRIBUTION,DISTRIBUTION,PUMP HOUSE,CNBL-0000399
ENGINEERING SERVICES - DISTRIBUTION,DISTRIBUTION,PUMP HOUSE,CHKV-0001110
ENGINEERING SERVICES - DISTRIBUTION,DISTRIBUTION,PUMP HOUSE,CHKV-0001111
ENGINEERING SERVICES - DISTRIBUTION,DISTRIBUTION,PUMP HOUSE,PRGG-0002005
ENGINEERING SERVICES - DISTRIBUTION,DISTRIBUTION,PUMP HOUSE,PRGG-0002006
ENGINEERING SERVICES - DISTRIBUTION,DISTRIBUTION,PUMP HOUSE,PRGG-0002007
ENGINEERING SERVICES - DISTRIBUTION,DISTRIBUTION,PUMP HOUSE,PRGG-0002008
ENGINEERING SERVICES - DISTRIBUTION,DISTRIBUTION,PUMP HOUSE,SULV-0001711
ENGINEERING SERVICES - DISTRIBUTION,DISTRIBUTION,PUMP HOUSE,SULV-0001712
ENGINEERING SERVICES - DISTRIBUTION,DISTRIBUTION,PUMP HOUSE,SULV-0001713
ENGINEERING SERVICES - DISTRIBUTION,DISTRIBUTION,PUMP HOUSE,SULV-0001714
ENGINEERING SERVICES - DISTRIBUTION,DISTRIBUTION,PUMP HOUSE,SAPV-0000299
ENGINEERING SERVICES - DISTRIBUTION,DISTRIBUTION,PUMP HOUSE,CNBL-0000394
ENGINEERING SERVICES - DISTRIBUTION,DISTRIBUTION,PUMP HOUSE,CHKV-0001095
ENGINEERING SERVICES - DISTRIBUTION,DISTRIBUTION,PUMP HOUSE,CHKV-0001096
ENGINEERING SERVICES - DISTRIBUTION,DISTRIBUTION,PUMP HOUSE,CPNL-0001089
ENGINEERING SERVICES - DISTRIBUTION,DISTRIBUTION,PUMP HOUSE,CPNL-0001090
ENGINEERING SERVICES - DISTRIBUTION,DISTRIBUTION,PUMP HOUSE,PRGG-0001975
ENGINEERING SERVICES - DISTRIBUTION,DISTRIBUTION,PUMP HOUSE,PRGG-0001976
ENGINEERING SERVICES - DISTRIBUTION,DISTRIBUTION,PUMP HOUSE,PRGG-0001977
ENGINEERING SERVICES - DISTRIBUTION,DISTRIBUTION,PUMP HOUSE,PRGG-0001978
ENGINEERING SERVICES - DISTRIBUTION,DISTRIBUTION,PUMP HOUSE,MOTR-0001104
ENGINEERING SERVICES - DISTRIBUTION,DISTRIBUTION,PUMP HOUSE,PUMP-0001105
ENGINEERING SERVICES - DISTRIBUTION,DISTRIBUTION,PUMP HOUSE,MOTR-0001105
ENGINEERING SERVICES - DISTRIBUTION,DISTRIBUTION,PUMP HOUSE,PUMP-0001106
ENGINEERING SERVICES - DISTRIBUTION,DISTRIBUTION,PUMP HOUSE,SULV-0001693
ENGINEERING SERVICES - DISTRIBUTION,DISTRIBUTION,PUMP HOUSE,SULV-0001694
ENGINEERING SERVICES - DISTRIBUTION,DISTRIBUTION,PUMP HOUSE,SULV-0001695
ENGINEERING SERVICES - DISTRIBUTION,DISTRIBUTION,PUMP HOUSE,SULV-0001696
ENGINEERING SERVICES - DISTRIBUTION,DISTRIBUTION,PUMP HOUSE,SAPV-0000294
ENGINEERING SERVICES - DISTRIBUTION,DISTRIBUTION,PUMP HOUSE,CNBL-0000372
ENGINEERING SERVICES - DISTRIBUTION,DISTRIBUTION,PUMP HOUSE,CHKV-0001020
ENGINEERING SERVICES - DISTRIBUTION,DISTRIBUTION,PUMP HOUSE,CHKV-0001021
ENGINEERING SERVICES - DISTRIBUTION,DISTRIBUTION,PUMP HOUSE,CPNL-0001014
ENGINEERING SERVICES - DISTRIBUTION,DISTRIBUTION,PUMP HOUSE,CPNL-0001015
ENGINEERING SERVICES - DISTRIBUTION,DISTRIBUTION,PUMP HOUSE,PRGG-0001825
ENGINEERING SERVICES - DISTRIBUTION,DISTRIBUTION,PUMP HOUSE,PRGG-0001826
ENGINEERING SERVICES - DISTRIBUTION,DISTRIBUTION,PUMP HOUSE,PRGG-0001827
ENGINEERING SERVICES - DISTRIBUTION,DISTRIBUTION,PUMP HOUSE,PRGG-0001828
ENGINEERING SERVICES - DISTRIBUTION,DISTRIBUTION,PUMP HOUSE,MOTR-0001029
ENGINEERING SERVICES - DISTRIBUTION,DISTRIBUTION,PUMP HOUSE,PUMP-0001030
ENGINEERING SERVICES - DISTRIBUTION,DISTRIBUTION,PUMP HOUSE,MOTR-0001030
ENGINEERING SERVICES - DISTRIBUTION,DISTRIBUTION,PUMP HOUSE,PUMP-0001031
ENGINEERING SERVICES - DISTRIBUTION,DISTRIBUTION,PUMP HOUSE,SULV-0001609
ENGINEERING SERVICES - DISTRIBUTION,DISTRIBUTION,PUMP HOUSE,SULV-0001610
ENGINEERING SERVICES - DISTRIBUTION,DISTRIBUTION,PUMP HOUSE,SULV-0001611
ENGINEERING SERVICES - DISTRIBUTION,DISTRIBUTION,PUMP HOUSE,SULV-0001612
ENGINEERING SERVICES - DISTRIBUTION,DISTRIBUTION,PUMP HOUSE,SAPV-0000272
ENGINEERING SERVICES - DISTRIBUTION,DISTRIBUTION,PUMP HOUSE,CHKV-0001090
ENGINEERING SERVICES - DISTRIBUTION,DISTRIBUTION,PUMP HOUSE,CHKV-0001091
ENGINEERING SERVICES - DISTRIBUTION,DISTRIBUTION,PUMP HOUSE,PRGG-0001965
ENGINEERING SERVICES - DISTRIBUTION,DISTRIBUTION,PUMP HOUSE,PRGG-0001966
ENGINEERING SERVICES - DISTRIBUTION,DISTRIBUTION,PUMP HOUSE,PRGG-0001967
ENGINEERING SERVICES - DISTRIBUTION,DISTRIBUTION,PUMP HOUSE,PRGG-0001968
ENGINEERING SERVICES - DISTRIBUTION,DISTRIBUTION,PUMP HOUSE,SULV-0001683
ENGINEERING SERVICES - DISTRIBUTION,DISTRIBUTION,PUMP HOUSE,SULV-0001684
ENGINEERING SERVICES - DISTRIBUTION,DISTRIBUTION,PUMP HOUSE,SULV-0001685
ENGINEERING SERVICES - DISTRIBUTION,DISTRIBUTION,PUMP HOUSE,SULV-0001686
ENGINEERING SERVICES - DISTRIBUTION,DISTRIBUTION,PUMP HOUSE,SAPV-0000293
ENGINEERING SERVICES - DISTRIBUTION,DISTRIBUTION,PUMP HOUSE,CHKV-0001083
ENGINEERING SERVICES - DISTRIBUTION,DISTRIBUTION,PUMP HOUSE,CHKV-0001084
ENGINEERING SERVICES - DISTRIBUTION,DISTRIBUTION,PUMP HOUSE,CPNL-0001077
ENGINEERING SERVICES - DISTRIBUTION,DISTRIBUTION,PUMP HOUSE,CPNL-0001078
ENGINEERING SERVICES - DISTRIBUTION,DISTRIBUTION,PUMP HOUSE,PRGG-0001951
ENGINEERING SERVICES - DISTRIBUTION,DISTRIBUTION,PUMP HOUSE,PRGG-0001952
ENGINEERING SERVICES - DISTRIBUTION,DISTRIBUTION,PUMP HOUSE,PRGG-0001953
ENGINEERING SERVICES - DISTRIBUTION,DISTRIBUTION,PUMP HOUSE,PRGG-0001954
ENGINEERING SERVICES - DISTRIBUTION,DISTRIBUTION,PUMP HOUSE,MOTR-0001092
ENGINEERING SERVICES - DISTRIBUTION,DISTRIBUTION,PUMP HOUSE,PUMP-0001093
ENGINEERING SERVICES - DISTRIBUTION,DISTRIBUTION,PUMP HOUSE,MOTR-0001093
ENGINEERING SERVICES - DISTRIBUTION,DISTRIBUTION,PUMP HOUSE,PUMP-0001094
ENGINEERING SERVICES - DISTRIBUTION,DISTRIBUTION,PUMP HOUSE,SULV-0001675
ENGINEERING SERVICES - DISTRIBUTION,DISTRIBUTION,PUMP HOUSE,SULV-0001676
ENGINEERING SERVICES - DISTRIBUTION,DISTRIBUTION,PUMP HOUSE,SULV-0001677
ENGINEERING SERVICES - DISTRIBUTION,DISTRIBUTION,PUMP HOUSE,SULV-0001678
ENGINEERING SERVICES - DISTRIBUTION,DISTRIBUTION,PUMP HOUSE,SAPV-0000290
ENGINEERING SERVICES - DISTRIBUTION,DISTRIBUTION,PUMP HOUSE,CHKV-0002231
ENGINEERING SERVICES - DISTRIBUTION,DISTRIBUTION,PUMP HOUSE,CHKV-0002232
ENGINEERING SERVICES - DISTRIBUTION,DISTRIBUTION,PUMP HOUSE,PRGG-00003211
ENGINEERING SERVICES - DISTRIBUTION,DISTRIBUTION,PUMP HOUSE,PRGG-00003212
ENGINEERING SERVICES - DISTRIBUTION,DISTRIBUTION,PUMP HOUSE,PRGG-00003213
ENGINEERING SERVICES - DISTRIBUTION,DISTRIBUTION,PUMP HOUSE,PRGG-00003214
ENGINEERING SERVICES - DISTRIBUTION,DISTRIBUTION,PUMP HOUSE,MOTR-0004116
ENGINEERING SERVICES - DISTRIBUTION,DISTRIBUTION,PUMP HOUSE,PUMP-0002216
ENGINEERING SERVICES - DISTRIBUTION,DISTRIBUTION,PUMP HOUSE,MOTR-0004117
ENGINEERING SERVICES - DISTRIBUTION,DISTRIBUTION,PUMP HOUSE,PUMP-0002217
ENGINEERING SERVICES - DISTRIBUTION,DISTRIBUTION,PUMP HOUSE,SLUV-0009389
ENGINEERING SERVICES - DISTRIBUTION,DISTRIBUTION,PUMP HOUSE,SLUV-0009390
ENGINEERING SERVICES - DISTRIBUTION,DISTRIBUTION,PUMP HOUSE,SLUV-0009391
ENGINEERING SERVICES - DISTRIBUTION,DISTRIBUTION,PUMP HOUSE,SLUV-0009392
ENGINEERING SERVICES - DISTRIBUTION,DISTRIBUTION,PUMP HOUSE,CNBL-0000366
ENGINEERING SERVICES - DISTRIBUTION,DISTRIBUTION,PUMP HOUSE,CHKV-0000996
ENGINEERING SERVICES - DISTRIBUTION,DISTRIBUTION,PUMP HOUSE,CHKV-0000997
ENGINEERING SERVICES - DISTRIBUTION,DISTRIBUTION,PUMP HOUSE,CHKV-0000998
ENGINEERING SERVICES - DISTRIBUTION,DISTRIBUTION,PUMP HOUSE,CPNL-0000990
ENGINEERING SERVICES - DISTRIBUTION,DISTRIBUTION,PUMP HOUSE,CPNL-0000991
ENGINEERING SERVICES - DISTRIBUTION,DISTRIBUTION,PUMP HOUSE,CPNL-0000992
ENGINEERING SERVICES - DISTRIBUTION,DISTRIBUTION,PUMP HOUSE,PRGG-0001777
ENGINEERING SERVICES - DISTRIBUTION,DISTRIBUTION,PUMP HOUSE,PRGG-0001778
ENGINEERING SERVICES - DISTRIBUTION,DISTRIBUTION,PUMP HOUSE,PRGG-0001779
ENGINEERING SERVICES - DISTRIBUTION,DISTRIBUTION,PUMP HOUSE,PRGG-0001780
ENGINEERING SERVICES - DISTRIBUTION,DISTRIBUTION,PUMP HOUSE,PRGG-0001781
ENGINEERING SERVICES - DISTRIBUTION,DISTRIBUTION,PUMP HOUSE,PRGG-0001782
ENGINEERING SERVICES - DISTRIBUTION,DISTRIBUTION,PUMP HOUSE,MOTR-0001005
ENGINEERING SERVICES - DISTRIBUTION,DISTRIBUTION,PUMP HOUSE,PUMP-0001006
ENGINEERING SERVICES - DISTRIBUTION,DISTRIBUTION,PUMP HOUSE,MOTR-0001006
ENGINEERING SERVICES - DISTRIBUTION,DISTRIBUTION,PUMP HOUSE,PUMP-0001007
ENGINEERING SERVICES - DISTRIBUTION,DISTRIBUTION,PUMP HOUSE,MOTR-0001007
ENGINEERING SERVICES - DISTRIBUTION,DISTRIBUTION,PUMP HOUSE,PUMP-0001008
ENGINEERING SERVICES - DISTRIBUTION,DISTRIBUTION,PUMP HOUSE,SULV-0001561
ENGINEERING SERVICES - DISTRIBUTION,DISTRIBUTION,PUMP HOUSE,SULV-0001562
ENGINEERING SERVICES - DISTRIBUTION,DISTRIBUTION,PUMP HOUSE,SULV-0001563
ENGINEERING SERVICES - DISTRIBUTION,DISTRIBUTION,PUMP HOUSE,SULV-0001564
ENGINEERING SERVICES - DISTRIBUTION,DISTRIBUTION,PUMP HOUSE,SULV-0001565
ENGINEERING SERVICES - DISTRIBUTION,DISTRIBUTION,PUMP HOUSE,SULV-0001566
ENGINEERING SERVICES - DISTRIBUTION,DISTRIBUTION,PUMP HOUSE,SAPV-0000268
ENGINEERING SERVICES - DISTRIBUTION,DISTRIBUTION,PUMP HOUSE,CNBL-0000367
ENGINEERING SERVICES - DISTRIBUTION,DISTRIBUTION,PUMP HOUSE,CHKV-0000999
ENGINEERING SERVICES - DISTRIBUTION,DISTRIBUTION,PUMP HOUSE,CHKV-0001000
ENGINEERING SERVICES - DISTRIBUTION,DISTRIBUTION,PUMP HOUSE,CPNL-0000993
ENGINEERING SERVICES - DISTRIBUTION,DISTRIBUTION,PUMP HOUSE,CPNL-0000994
ENGINEERING SERVICES - DISTRIBUTION,DISTRIBUTION,PUMP HOUSE,PRGG-0001783
ENGINEERING SERVICES - DISTRIBUTION,DISTRIBUTION,PUMP HOUSE,PRGG-0001784
ENGINEERING SERVICES - DISTRIBUTION,DISTRIBUTION,PUMP HOUSE,PRGG-0001785
ENGINEERING SERVICES - DISTRIBUTION,DISTRIBUTION,PUMP HOUSE,PRGG-0001786
ENGINEERING SERVICES - DISTRIBUTION,DISTRIBUTION,PUMP HOUSE,MOTR-0001008
ENGINEERING SERVICES - DISTRIBUTION,DISTRIBUTION,PUMP HOUSE,PUMP-0001009
ENGINEERING SERVICES - DISTRIBUTION,DISTRIBUTION,PUMP HOUSE,MOTR-0001009
ENGINEERING SERVICES - DISTRIBUTION,DISTRIBUTION,PUMP HOUSE,PUMP-0001010
ENGINEERING SERVICES - DISTRIBUTION,DISTRIBUTION,PUMP HOUSE,SULV-0001567
ENGINEERING SERVICES - DISTRIBUTION,DISTRIBUTION,PUMP HOUSE,SULV-0001568
ENGINEERING SERVICES - DISTRIBUTION,DISTRIBUTION,PUMP HOUSE,SULV-0001569
ENGINEERING SERVICES - DISTRIBUTION,DISTRIBUTION,PUMP HOUSE,SULV-0001570
ENGINEERING SERVICES - DISTRIBUTION,DISTRIBUTION,PUMP HOUSE,BUTV-0004545
ENGINEERING SERVICES - DISTRIBUTION,DISTRIBUTION,PUMP HOUSE,BUTV-0004534
ENGINEERING SERVICES - DISTRIBUTION,DISTRIBUTION,PUMP HOUSE,CHKV-0002229
ENGINEERING SERVICES - DISTRIBUTION,DISTRIBUTION,PUMP HOUSE,CHKV-0002230
ENGINEERING SERVICES - DISTRIBUTION,DISTRIBUTION,PUMP HOUSE,PRGG-00003207
ENGINEERING SERVICES - DISTRIBUTION,DISTRIBUTION,PUMP HOUSE,PRGG-00003208
ENGINEERING SERVICES - DISTRIBUTION,DISTRIBUTION,PUMP HOUSE,PRGG-00003209
ENGINEERING SERVICES - DISTRIBUTION,DISTRIBUTION,PUMP HOUSE,PRGG-00003210
ENGINEERING SERVICES - DISTRIBUTION,DISTRIBUTION,PUMP HOUSE,MOTR-0004114
ENGINEERING SERVICES - DISTRIBUTION,DISTRIBUTION,PUMP HOUSE,PUMP-0002214
ENGINEERING SERVICES - DISTRIBUTION,DISTRIBUTION,PUMP HOUSE,MOTR-0004115
ENGINEERING SERVICES - DISTRIBUTION,DISTRIBUTION,PUMP HOUSE,PUMP-0002215
ENGINEERING SERVICES - DISTRIBUTION,DISTRIBUTION,PUMP HOUSE,SLUV-0009387
ENGINEERING SERVICES - DISTRIBUTION,DISTRIBUTION,PUMP HOUSE,SLUV-0009388
ENGINEERING SERVICES - DISTRIBUTION,DISTRIBUTION,PUMP HOUSE,SAPV-0000408
ENGINEERING SERVICES - DISTRIBUTION,DISTRIBUTION,PUMP HOUSE,BUTV-0000500
ENGINEERING SERVICES - DISTRIBUTION,DISTRIBUTION,PUMP HOUSE,BUTV-0000501
ENGINEERING SERVICES - DISTRIBUTION,DISTRIBUTION,PUMP HOUSE,BUTV-0000502
ENGINEERING SERVICES - DISTRIBUTION,DISTRIBUTION,PUMP HOUSE,BUTV-0000503
ENGINEERING SERVICES - DISTRIBUTION,DISTRIBUTION,PUMP HOUSE,BUTV-0000504
ENGINEERING SERVICES - DISTRIBUTION,DISTRIBUTION,PUMP HOUSE,BUTV-0000505
ENGINEERING SERVICES - DISTRIBUTION,DISTRIBUTION,PUMP HOUSE,BUTV-0000506
ENGINEERING SERVICES - DISTRIBUTION,DISTRIBUTION,PUMP HOUSE,BUTV-0000507
ENGINEERING SERVICES - DISTRIBUTION,DISTRIBUTION,PUMP HOUSE,CNBL-0000388
ENGINEERING SERVICES - DISTRIBUTION,DISTRIBUTION,PUMP HOUSE,CHKV-0001069
ENGINEERING SERVICES - DISTRIBUTION,DISTRIBUTION,PUMP HOUSE,CHKV-0001070
ENGINEERING SERVICES - DISTRIBUTION,DISTRIBUTION,PUMP HOUSE,CHKV-0001071
ENGINEERING SERVICES - DISTRIBUTION,DISTRIBUTION,PUMP HOUSE,CHKV-0001072
ENGINEERING SERVICES - DISTRIBUTION,DISTRIBUTION,PUMP HOUSE,PRGG-0001923
ENGINEERING SERVICES - DISTRIBUTION,DISTRIBUTION,PUMP HOUSE,PRGG-0001924
ENGINEERING SERVICES - DISTRIBUTION,DISTRIBUTION,PUMP HOUSE,PRGG-0001925
ENGINEERING SERVICES - DISTRIBUTION,DISTRIBUTION,PUMP HOUSE,PRGG-0001926
ENGINEERING SERVICES - DISTRIBUTION,DISTRIBUTION,PUMP HOUSE,PRGG-0001927
ENGINEERING SERVICES - DISTRIBUTION,DISTRIBUTION,PUMP HOUSE,PRGG-0001928
ENGINEERING SERVICES - DISTRIBUTION,DISTRIBUTION,PUMP HOUSE,PRGG-0001929
ENGINEERING SERVICES - DISTRIBUTION,DISTRIBUTION,PUMP HOUSE,PRGG-0001930
ENGINEERING SERVICES - DISTRIBUTION,DISTRIBUTION,PUMP HOUSE,SAPV-0000288
ENGINEERING SERVICES - DISTRIBUTION,DISTRIBUTION,PUMP HOUSE,CHKV-0001013
ENGINEERING SERVICES - DISTRIBUTION,DISTRIBUTION,PUMP HOUSE,CHKV-0001014
ENGINEERING SERVICES - DISTRIBUTION,DISTRIBUTION,PUMP HOUSE,CPNL-0001007
ENGINEERING SERVICES - DISTRIBUTION,DISTRIBUTION,PUMP HOUSE,CPNL-0001008
ENGINEERING SERVICES - DISTRIBUTION,DISTRIBUTION,PUMP HOUSE,PRGG-0001811
ENGINEERING SERVICES - DISTRIBUTION,DISTRIBUTION,PUMP HOUSE,PRGG-0001812
ENGINEERING SERVICES - DISTRIBUTION,DISTRIBUTION,PUMP HOUSE,PRGG-0001813
ENGINEERING SERVICES - DISTRIBUTION,DISTRIBUTION,PUMP HOUSE,PRGG-0001814
ENGINEERING SERVICES - DISTRIBUTION,DISTRIBUTION,PUMP HOUSE,MOTR-0001022
ENGINEERING SERVICES - DISTRIBUTION,DISTRIBUTION,PUMP HOUSE,PUMP-0001023
ENGINEERING SERVICES - DISTRIBUTION,DISTRIBUTION,PUMP HOUSE,MOTR-0001023
ENGINEERING SERVICES - DISTRIBUTION,DISTRIBUTION,PUMP HOUSE,PUMP-0001024
ENGINEERING SERVICES - DISTRIBUTION,DISTRIBUTION,PUMP HOUSE,SULV-0001595
ENGINEERING SERVICES - DISTRIBUTION,DISTRIBUTION,PUMP HOUSE,SULV-0001596
ENGINEERING SERVICES - DISTRIBUTION,DISTRIBUTION,PUMP HOUSE,SULV-0001597
ENGINEERING SERVICES - DISTRIBUTION,DISTRIBUTION,PUMP HOUSE,SULV-0001598
ENGINEERING SERVICES - DISTRIBUTION,DISTRIBUTION,PUMP HOUSE,CNBL-0000359
ENGINEERING SERVICES - DISTRIBUTION,DISTRIBUTION,PUMP HOUSE,CHKV-0000974
ENGINEERING SERVICES - DISTRIBUTION,DISTRIBUTION,PUMP HOUSE,CHKV-0000975
ENGINEERING SERVICES - DISTRIBUTION,DISTRIBUTION,PUMP HOUSE,CPNL-0000968
ENGINEERING SERVICES - DISTRIBUTION,DISTRIBUTION,PUMP HOUSE,CPNL-0000969
ENGINEERING SERVICES - DISTRIBUTION,DISTRIBUTION,PUMP HOUSE,PRGG-0001733
ENGINEERING SERVICES - DISTRIBUTION,DISTRIBUTION,PUMP HOUSE,PRGG-0001734
ENGINEERING SERVICES - DISTRIBUTION,DISTRIBUTION,PUMP HOUSE,PRGG-0001735
ENGINEERING SERVICES - DISTRIBUTION,DISTRIBUTION,PUMP HOUSE,PRGG-0001736
ENGINEERING SERVICES - DISTRIBUTION,DISTRIBUTION,PUMP HOUSE,MOTR-0000983
ENGINEERING SERVICES - DISTRIBUTION,DISTRIBUTION,PUMP HOUSE,PUMP-0000984
ENGINEERING SERVICES - DISTRIBUTION,DISTRIBUTION,PUMP HOUSE,MOTR-0000984
ENGINEERING SERVICES - DISTRIBUTION,DISTRIBUTION,PUMP HOUSE,PUMP-0000985
ENGINEERING SERVICES - DISTRIBUTION,DISTRIBUTION,PUMP HOUSE,SULV-0001521
ENGINEERING SERVICES - DISTRIBUTION,DISTRIBUTION,PUMP HOUSE,SULV-0001522
ENGINEERING SERVICES - DISTRIBUTION,DISTRIBUTION,PUMP HOUSE,SULV-0001523
ENGINEERING SERVICES - DISTRIBUTION,DISTRIBUTION,PUMP HOUSE,SULV-0001524
ENGINEERING SERVICES - DISTRIBUTION,DISTRIBUTION,PUMP HOUSE,SAPV-0000260
ENGINEERING SERVICES - DISTRIBUTION,DISTRIBUTION,PUMP HOUSE,CNBL-0000385
ENGINEERING SERVICES - DISTRIBUTION,DISTRIBUTION,PUMP HOUSE,CHKV-0001062
ENGINEERING SERVICES - DISTRIBUTION,DISTRIBUTION,PUMP HOUSE,CHKV-0001063
ENGINEERING SERVICES - DISTRIBUTION,DISTRIBUTION,PUMP HOUSE,CPNL-0001056
ENGINEERING SERVICES - DISTRIBUTION,DISTRIBUTION,PUMP HOUSE,CPNL-0001057
ENGINEERING SERVICES - DISTRIBUTION,DISTRIBUTION,PUMP HOUSE,PRGG-0001909
ENGINEERING SERVICES - DISTRIBUTION,DISTRIBUTION,PUMP HOUSE,PRGG-0001910
ENGINEERING SERVICES - DISTRIBUTION,DISTRIBUTION,PUMP HOUSE,PRGG-0001911
ENGINEERING SERVICES - DISTRIBUTION,DISTRIBUTION,PUMP HOUSE,PRGG-0001912
ENGINEERING SERVICES - DISTRIBUTION,DISTRIBUTION,PUMP HOUSE,MOTR-0001071
ENGINEERING SERVICES - DISTRIBUTION,DISTRIBUTION,PUMP HOUSE,PUMP-0001072
ENGINEERING SERVICES - DISTRIBUTION,DISTRIBUTION,PUMP HOUSE,MOTR-0001072
ENGINEERING SERVICES - DISTRIBUTION,DISTRIBUTION,PUMP HOUSE,PUMP-0001073
ENGINEERING SERVICES - DISTRIBUTION,DISTRIBUTION,PUMP HOUSE,SULV-0001645
ENGINEERING SERVICES - DISTRIBUTION,DISTRIBUTION,PUMP HOUSE,SULV-0001646
ENGINEERING SERVICES - DISTRIBUTION,DISTRIBUTION,PUMP HOUSE,SULV-0001647
ENGINEERING SERVICES - DISTRIBUTION,DISTRIBUTION,PUMP HOUSE,SULV-0001648
ENGINEERING SERVICES - DISTRIBUTION,DISTRIBUTION,PUMP HOUSE,SAPV-0000286
ENGINEERING SERVICES - DISTRIBUTION,DISTRIBUTION,PUMP HOUSE,CHKV-0001001
ENGINEERING SERVICES - DISTRIBUTION,DISTRIBUTION,PUMP HOUSE,CHKV-0001002
ENGINEERING SERVICES - DISTRIBUTION,DISTRIBUTION,PUMP HOUSE,PRGG-0001787
ENGINEERING SERVICES - DISTRIBUTION,DISTRIBUTION,PUMP HOUSE,PRGG-0001788
ENGINEERING SERVICES - DISTRIBUTION,DISTRIBUTION,PUMP HOUSE,PRGG-0001789
ENGINEERING SERVICES - DISTRIBUTION,DISTRIBUTION,PUMP HOUSE,PRGG-0001790
ENGINEERING SERVICES - DISTRIBUTION,DISTRIBUTION,PUMP HOUSE,SULV-0001571
ENGINEERING SERVICES - DISTRIBUTION,DISTRIBUTION,PUMP HOUSE,SULV-0001572
ENGINEERING SERVICES - DISTRIBUTION,DISTRIBUTION,PUMP HOUSE,SULV-0001573
ENGINEERING SERVICES - DISTRIBUTION,DISTRIBUTION,PUMP HOUSE,SULV-0001574
ENGINEERING SERVICES - DISTRIBUTION,DISTRIBUTION,PUMP HOUSE,CHKV-0001003
ENGINEERING SERVICES - DISTRIBUTION,DISTRIBUTION,PUMP HOUSE,CHKV-0001004
ENGINEERING SERVICES - DISTRIBUTION,DISTRIBUTION,PUMP HOUSE,CPNL-0000997
ENGINEERING SERVICES - DISTRIBUTION,DISTRIBUTION,PUMP HOUSE,CPNL-0000998
ENGINEERING SERVICES - DISTRIBUTION,DISTRIBUTION,PUMP HOUSE,PRGG-0001791
ENGINEERING SERVICES - DISTRIBUTION,DISTRIBUTION,PUMP HOUSE,PRGG-0001792
ENGINEERING SERVICES - DISTRIBUTION,DISTRIBUTION,PUMP HOUSE,PRGG-0001793
ENGINEERING SERVICES - DISTRIBUTION,DISTRIBUTION,PUMP HOUSE,PRGG-0001794
ENGINEERING SERVICES - DISTRIBUTION,DISTRIBUTION,PUMP HOUSE,MOTR-0001012
ENGINEERING SERVICES - DISTRIBUTION,DISTRIBUTION,PUMP HOUSE,PUMP-0001013
ENGINEERING SERVICES - DISTRIBUTION,DISTRIBUTION,PUMP HOUSE,MOTR-0001013
ENGINEERING SERVICES - DISTRIBUTION,DISTRIBUTION,PUMP HOUSE,PUMP-0001014
ENGINEERING SERVICES - DISTRIBUTION,DISTRIBUTION,PUMP HOUSE,SULV-0001575
ENGINEERING SERVICES - DISTRIBUTION,DISTRIBUTION,PUMP HOUSE,SULV-0001576
ENGINEERING SERVICES - DISTRIBUTION,DISTRIBUTION,PUMP HOUSE,SULV-0001577
ENGINEERING SERVICES - DISTRIBUTION,DISTRIBUTION,PUMP HOUSE,SULV-0001578
ENGINEERING SERVICES - DISTRIBUTION,DISTRIBUTION,PUMP HOUSE,SAPV-0000269
ENGINEERING SERVICES - DISTRIBUTION,DISTRIBUTION,PUMP HOUSE,CNBL-0000373
ENGINEERING SERVICES - DISTRIBUTION,DISTRIBUTION,PUMP HOUSE,CHKV-0001022
ENGINEERING SERVICES - DISTRIBUTION,DISTRIBUTION,PUMP HOUSE,CHKV-0001023
ENGINEERING SERVICES - DISTRIBUTION,DISTRIBUTION,PUMP HOUSE,CPNL-0001016
ENGINEERING SERVICES - DISTRIBUTION,DISTRIBUTION,PUMP HOUSE,CPNL-0001017
ENGINEERING SERVICES - DISTRIBUTION,DISTRIBUTION,PUMP HOUSE,PRGG-0001829
ENGINEERING SERVICES - DISTRIBUTION,DISTRIBUTION,PUMP HOUSE,PRGG-0001830
ENGINEERING SERVICES - DISTRIBUTION,DISTRIBUTION,PUMP HOUSE,PRGG-0001831
ENGINEERING SERVICES - DISTRIBUTION,DISTRIBUTION,PUMP HOUSE,PRGG-0001832
ENGINEERING SERVICES - DISTRIBUTION,DISTRIBUTION,PUMP HOUSE,MOTR-0001031
ENGINEERING SERVICES - DISTRIBUTION,DISTRIBUTION,PUMP HOUSE,PUMP-0001032
ENGINEERING SERVICES - DISTRIBUTION,DISTRIBUTION,PUMP HOUSE,MOTR-0001032
ENGINEERING SERVICES - DISTRIBUTION,DISTRIBUTION,PUMP HOUSE,PUMP-0001033
ENGINEERING SERVICES - DISTRIBUTION,DISTRIBUTION,PUMP HOUSE,SULV-0001613
ENGINEERING SERVICES - DISTRIBUTION,DISTRIBUTION,PUMP HOUSE,SULV-0001614
ENGINEERING SERVICES - DISTRIBUTION,DISTRIBUTION,PUMP HOUSE,SULV-0001615
ENGINEERING SERVICES - DISTRIBUTION,DISTRIBUTION,PUMP HOUSE,SULV-0001616
ENGINEERING SERVICES - DISTRIBUTION,DISTRIBUTION,PUMP HOUSE,SAPV-0000273
ENGINEERING SERVICES - DISTRIBUTION,DISTRIBUTION,PUMP HOUSE,CHKV-0000980
ENGINEERING SERVICES - DISTRIBUTION,DISTRIBUTION,PUMP HOUSE,CHKV-0000981
ENGINEERING SERVICES - DISTRIBUTION,DISTRIBUTION,PUMP HOUSE,PRGG-0001745
ENGINEERING SERVICES - DISTRIBUTION,DISTRIBUTION,PUMP HOUSE,PRGG-0001746
ENGINEERING SERVICES - DISTRIBUTION,DISTRIBUTION,PUMP HOUSE,PRGG-0001747
ENGINEERING SERVICES - DISTRIBUTION,DISTRIBUTION,PUMP HOUSE,PRGG-0001748
ENGINEERING SERVICES - DISTRIBUTION,DISTRIBUTION,PUMP HOUSE,SULV-0001529
ENGINEERING SERVICES - DISTRIBUTION,DISTRIBUTION,PUMP HOUSE,SULV-0001530
ENGINEERING SERVICES - DISTRIBUTION,DISTRIBUTION,PUMP HOUSE,SULV-0001531
ENGINEERING SERVICES - DISTRIBUTION,DISTRIBUTION,PUMP HOUSE,SULV-0001532
ENGINEERING SERVICES - DISTRIBUTION,DISTRIBUTION,PUMP HOUSE,CNBL-0000362
ENGINEERING SERVICES - DISTRIBUTION,DISTRIBUTION,PUMP HOUSE,CHKV-0000982
ENGINEERING SERVICES - DISTRIBUTION,DISTRIBUTION,PUMP HOUSE,CHKV-0000983
ENGINEERING SERVICES - DISTRIBUTION,DISTRIBUTION,PUMP HOUSE,CPNL-0000976
ENGINEERING SERVICES - DISTRIBUTION,DISTRIBUTION,PUMP HOUSE,CPNL-0000977
ENGINEERING SERVICES - DISTRIBUTION,DISTRIBUTION,PUMP HOUSE,PRGG-0001749
ENGINEERING SERVICES - DISTRIBUTION,DISTRIBUTION,PUMP HOUSE,PRGG-0001750
ENGINEERING SERVICES - DISTRIBUTION,DISTRIBUTION,PUMP HOUSE,PRGG-0001751
ENGINEERING SERVICES - DISTRIBUTION,DISTRIBUTION,PUMP HOUSE,PRGG-0001752
ENGINEERING SERVICES - DISTRIBUTION,DISTRIBUTION,PUMP HOUSE,MOTR-0000991
ENGINEERING SERVICES - DISTRIBUTION,DISTRIBUTION,PUMP HOUSE,PUMP-0000992
ENGINEERING SERVICES - DISTRIBUTION,DISTRIBUTION,PUMP HOUSE,MOTR-0000992
ENGINEERING SERVICES - DISTRIBUTION,DISTRIBUTION,PUMP HOUSE,PUMP-0000993
ENGINEERING SERVICES - DISTRIBUTION,DISTRIBUTION,PUMP HOUSE,SULV-0001533
ENGINEERING SERVICES - DISTRIBUTION,DISTRIBUTION,PUMP HOUSE,SULV-0001534
ENGINEERING SERVICES - DISTRIBUTION,DISTRIBUTION,PUMP HOUSE,SULV-0001535
ENGINEERING SERVICES - DISTRIBUTION,DISTRIBUTION,PUMP HOUSE,SULV-0001536
ENGINEERING SERVICES - DISTRIBUTION,DISTRIBUTION,PUMP HOUSE,SAPV-0000263